"#","Date","Time, GMT-05:00","Temp, °C (LGR S/N: 20973817, SEN S/N: 20973817)","Intensity, Lux (LGR S/N: 20973817, SEN S/N: 20973817)"
1,05/13/21,04:09:31 PM,23.677,0.0
2,05/13/21,05:09:31 PM,23.581,0.0
3,05/13/21,06:09:31 PM,23.388,0.0
4,05/13/21,07:09:31 PM,23.292,0.0
5,05/13/21,08:09:31 PM,23.292,0.0
6,05/13/21,09:09:31 PM,23.004,0.0
7,05/13/21,10:09:31 PM,22.812,0.0
8,05/13/21,11:09:31 PM,22.621,0.0
9,05/14/21,12:09:31 AM,22.717,0.0
10,05/14/21,01:09:31 AM,22.717,0.0
11,05/14/21,02:09:31 AM,22.812,0.0
12,05/14/21,03:09:31 AM,22.908,0.0
13,05/14/21,04:09:31 AM,23.004,0.0
14,05/14/21,05:09:31 AM,23.100,0.0
15,05/14/21,06:09:31 AM,23.100,0.0
16,05/14/21,07:09:31 AM,23.196,0.0
17,05/14/21,08:09:31 AM,23.196,0.0
18,05/14/21,09:09:31 AM,23.196,0.0
19,05/14/21,10:09:31 AM,23.388,0.0
20,05/14/21,11:09:31 AM,23.484,0.0
21,05/14/21,12:09:31 PM,23.677,0.0
22,05/14/21,01:09:31 PM,28.953,137778.7
23,05/14/21,02:09:31 PM,28.159,126756.4
24,05/14/21,03:09:31 PM,6.674,82667.2
25,05/14/21,04:09:31 PM,6.370,82667.2
26,05/14/21,05:09:31 PM,14.709,0.0
27,05/14/21,06:09:31 PM,18.711,0.0
28,05/14/21,07:09:31 PM,22.238,0.0
29,05/14/21,08:09:31 PM,23.773,0.0
30,05/14/21,09:09:31 PM,24.351,0.0
31,05/14/21,10:09:31 PM,24.545,0.0
32,05/14/21,11:09:31 PM,24.545,0.0
33,05/15/21,12:09:31 AM,24.255,0.0
34,05/15/21,01:09:31 AM,23.869,0.0
35,05/15/21,02:09:31 AM,23.484,0.0
36,05/15/21,03:09:31 AM,23.100,0.0
37,05/15/21,04:09:31 AM,22.908,0.0
38,05/15/21,05:09:31 AM,22.621,0.0
39,05/15/21,06:09:31 AM,22.333,0.0
40,05/15/21,07:09:31 AM,22.238,0.0
41,05/15/21,08:09:31 AM,22.142,0.0
42,05/15/21,09:09:31 AM,22.142,0.0
43,05/15/21,10:09:31 AM,22.333,0.0
44,05/15/21,11:09:31 AM,22.621,0.0
45,05/15/21,12:09:31 PM,23.004,0.0
46,05/15/21,01:09:31 PM,23.484,0.0
47,05/15/21,02:09:31 PM,24.448,0.0
48,05/15/21,03:09:31 PM,25.610,0.0
49,05/15/21,04:09:31 PM,26.781,0.0
50,05/15/21,05:09:31 PM,27.862,0.0
51,05/15/21,06:09:31 PM,28.754,0.0
52,05/15/21,07:09:31 PM,29.652,0.0
53,05/15/21,08:09:31 PM,30.356,0.0
54,05/15/21,09:09:31 PM,30.558,0.0
55,05/15/21,10:09:31 PM,30.255,0.0
56,05/15/21,11:09:31 PM,29.552,0.0
57,05/16/21,12:09:31 AM,28.754,0.0
58,05/16/21,01:09:31 AM,27.862,0.0
59,05/16/21,02:09:31 AM,26.977,0.0
60,05/16/21,03:09:31 AM,26.195,0.0
61,05/16/21,04:09:31 AM,25.319,0.0
62,05/16/21,05:09:31 AM,24.448,0.0
63,05/16/21,06:09:31 AM,23.484,0.0
64,05/16/21,07:09:31 AM,22.621,0.0
65,05/16/21,08:09:31 AM,21.187,0.0
66,05/16/21,09:09:31 AM,20.424,0.0
67,05/16/21,10:09:31 AM,21.378,0.0
68,05/16/21,11:09:31 AM,22.333,0.0
69,05/16/21,12:09:31 PM,23.388,0.0
70,05/16/21,01:09:31 PM,24.545,0.0
71,05/16/21,02:09:31 PM,26.000,0.0
72,05/16/21,03:09:31 PM,27.075,0.0
73,05/16/21,04:09:31 PM,28.060,0.0
74,05/16/21,05:09:31 PM,29.152,0.0
75,05/16/21,06:09:31 PM,30.255,0.0
76,05/16/21,07:09:31 PM,30.862,0.0
77,05/16/21,08:09:31 PM,31.064,0.0
78,05/16/21,09:09:31 PM,30.659,0.0
79,05/16/21,10:09:31 PM,27.468,0.0
80,05/16/21,11:09:31 PM,25.708,0.0
81,05/17/21,12:09:31 AM,25.513,0.0
82,05/17/21,01:09:31 AM,25.319,0.0
83,05/17/21,02:09:31 AM,24.931,0.0
84,05/17/21,03:09:31 AM,24.255,0.0
85,05/17/21,04:09:31 AM,23.581,0.0
86,05/17/21,05:09:31 AM,22.717,0.0
87,05/17/21,06:09:31 AM,21.760,0.0
88,05/17/21,07:09:31 AM,20.615,0.0
89,05/17/21,08:09:31 AM,19.282,0.0
90,05/17/21,09:09:31 AM,17.950,0.0
91,05/17/21,10:09:31 AM,17.379,0.0
92,05/17/21,11:09:31 AM,17.379,0.0
93,05/17/21,12:09:31 PM,17.665,0.0
94,05/17/21,01:09:31 PM,18.426,0.0
95,05/17/21,02:09:31 PM,19.377,0.0
96,05/17/21,03:09:31 PM,20.329,0.0
97,05/17/21,04:09:31 PM,21.187,0.0
98,05/17/21,05:09:31 PM,22.238,0.0
99,05/17/21,06:09:31 PM,23.196,0.0
100,05/17/21,07:09:31 PM,24.062,0.0
101,05/17/21,08:09:31 PM,24.835,0.0
102,05/17/21,09:09:31 PM,24.545,0.0
103,05/17/21,10:09:31 PM,23.388,0.0
104,05/17/21,11:09:31 PM,22.046,0.0
105,05/18/21,12:09:31 AM,20.710,0.0
106,05/18/21,01:09:31 AM,19.567,0.0
107,05/18/21,02:09:31 AM,18.426,0.0
108,05/18/21,03:09:31 AM,17.379,0.0
109,05/18/21,04:09:31 AM,16.237,0.0
110,05/18/21,05:09:31 AM,15.187,0.0
111,05/18/21,06:09:31 AM,14.134,0.0
112,05/18/21,07:09:31 AM,13.173,0.0
113,05/18/21,08:09:31 AM,12.304,0.0
114,05/18/21,09:09:31 AM,13.269,0.0
115,05/18/21,10:09:31 AM,16.046,0.0
116,05/18/21,11:09:31 AM,17.950,0.0
117,05/18/21,12:09:31 PM,19.567,0.0
118,05/18/21,01:09:31 PM,21.282,0.0
119,05/18/21,02:09:31 PM,23.100,0.0
120,05/18/21,03:09:31 PM,24.641,0.0
121,05/18/21,04:09:31 PM,25.902,0.0
122,05/18/21,05:09:31 PM,26.977,0.0
123,05/18/21,06:09:31 PM,27.961,0.0
124,05/18/21,07:09:31 PM,28.456,0.0
125,05/18/21,08:09:31 PM,28.555,0.0
126,05/18/21,09:09:31 PM,25.805,0.0
127,05/18/21,10:09:31 PM,25.708,0.0
128,05/18/21,11:09:31 PM,25.319,0.0
129,05/19/21,12:09:31 AM,24.835,0.0
130,05/19/21,01:09:31 AM,24.448,0.0
131,05/19/21,02:09:31 AM,23.869,0.0
132,05/19/21,03:09:31 AM,23.196,0.0
133,05/19/21,04:09:31 AM,22.429,0.0
134,05/19/21,05:09:31 AM,21.569,0.0
135,05/19/21,06:09:31 AM,20.615,0.0
136,05/19/21,07:09:31 AM,19.472,0.0
137,05/19/21,08:09:31 AM,18.616,0.0
138,05/19/21,09:09:31 AM,18.140,0.0
139,05/19/21,10:09:31 AM,18.331,0.0
140,05/19/21,11:09:31 AM,19.853,0.0
141,05/19/21,12:09:31 PM,22.046,0.0
142,05/19/21,01:09:31 PM,22.908,0.0
143,05/19/21,02:09:31 PM,24.738,0.0
144,05/19/21,03:09:31 PM,24.738,0.0
145,05/19/21,04:09:31 PM,26.977,0.0
146,05/19/21,05:09:31 PM,26.879,0.0
147,05/19/21,06:09:31 PM,26.585,0.0
148,05/19/21,07:09:31 PM,27.567,0.0
149,05/19/21,08:09:31 PM,26.683,0.0
150,05/19/21,09:09:31 PM,27.764,0.0
151,05/19/21,10:09:31 PM,27.567,0.0
152,05/19/21,11:09:31 PM,27.173,0.0
153,05/20/21,12:09:31 AM,26.585,0.0
154,05/20/21,01:09:31 AM,25.902,0.0
155,05/20/21,02:09:31 AM,24.931,0.0
156,05/20/21,03:09:31 AM,24.062,0.0
157,05/20/21,04:09:31 AM,23.292,0.0
158,05/20/21,05:09:31 AM,22.429,0.0
159,05/20/21,06:09:31 AM,21.569,0.0
160,05/20/21,07:09:31 AM,20.519,0.0
161,05/20/21,08:09:31 AM,18.426,0.0
162,05/20/21,09:09:31 AM,17.570,0.0
163,05/20/21,10:09:31 AM,17.760,0.0
164,05/20/21,11:09:31 AM,18.711,0.0
165,05/20/21,12:09:31 PM,20.615,0.0
166,05/20/21,01:09:31 PM,22.142,0.0
167,05/20/21,02:09:31 PM,24.835,0.0
168,05/20/21,03:09:31 PM,25.610,0.0
169,05/20/21,04:09:31 PM,26.488,0.0
170,05/20/21,05:09:31 PM,28.555,0.0
171,05/20/21,06:09:31 PM,29.252,0.0
172,05/20/21,07:09:31 PM,30.054,0.0
173,05/20/21,08:09:31 PM,31.370,0.0
174,05/20/21,09:09:31 PM,32.291,0.0
175,05/20/21,10:09:31 PM,32.704,0.0
176,05/20/21,11:09:31 PM,32.807,0.0
177,05/21/21,12:09:31 AM,32.704,0.0
178,05/21/21,01:09:31 AM,32.086,0.0
179,05/21/21,02:09:31 AM,31.472,0.0
180,05/21/21,03:09:31 AM,30.862,0.0
181,05/21/21,04:09:31 AM,30.356,0.0
182,05/21/21,05:09:31 AM,29.853,0.0
183,05/21/21,06:09:31 AM,29.352,0.0
184,05/21/21,07:09:31 AM,28.853,0.0
185,05/21/21,08:09:31 AM,28.357,0.0
186,05/21/21,09:09:31 AM,27.862,0.0
187,05/21/21,10:09:31 AM,27.468,0.0
188,05/21/21,11:09:31 AM,25.222,0.0
189,05/21/21,12:09:31 PM,23.966,0.0
190,05/21/21,01:09:31 PM,23.677,0.0
191,05/21/21,02:09:31 PM,24.835,0.0
192,05/21/21,03:09:31 PM,26.488,0.0
193,05/21/21,04:09:31 PM,27.468,0.0
194,05/21/21,05:09:31 PM,28.555,0.0
195,05/21/21,06:09:31 PM,27.961,0.0
196,05/21/21,07:09:31 PM,28.555,0.0
197,05/21/21,08:09:31 PM,26.879,0.0
198,05/21/21,09:09:31 PM,27.764,0.0
199,05/21/21,10:09:31 PM,28.258,0.0
200,05/21/21,11:09:31 PM,28.357,0.0
201,05/22/21,12:09:31 AM,28.060,0.0
202,05/22/21,01:09:31 AM,27.272,0.0
203,05/22/21,02:09:31 AM,26.195,0.0
204,05/22/21,03:09:31 AM,25.125,0.0
205,05/22/21,04:09:31 AM,24.062,0.0
206,05/22/21,05:09:31 AM,23.004,0.0
207,05/22/21,06:09:31 AM,22.046,0.0
208,05/22/21,07:09:31 AM,21.091,0.0
209,05/22/21,08:09:31 AM,20.138,0.0
210,05/22/21,09:09:31 AM,19.187,0.0
211,05/22/21,10:09:31 AM,19.662,0.0
212,05/22/21,11:09:31 AM,21.378,0.0
213,05/22/21,12:09:31 PM,23.966,0.0
214,05/22/21,01:09:31 PM,23.677,0.0
215,05/22/21,02:09:31 PM,25.125,0.0
216,05/22/21,03:09:31 PM,26.683,0.0
217,05/22/21,04:09:31 PM,28.357,0.0
218,05/22/21,05:09:31 PM,27.075,0.0
219,05/22/21,06:09:31 PM,27.272,0.0
220,05/22/21,07:09:31 PM,27.862,0.0
221,05/22/21,08:09:31 PM,29.252,0.0
222,05/22/21,09:09:31 PM,29.752,0.0
223,05/22/21,10:09:31 PM,28.853,0.0
224,05/22/21,11:09:31 PM,27.173,0.0
225,05/23/21,12:09:31 AM,25.319,0.0
226,05/23/21,01:09:31 AM,23.773,0.0
227,05/23/21,02:09:31 AM,22.333,0.0
228,05/23/21,03:09:31 AM,20.805,0.0
229,05/23/21,04:09:31 AM,19.567,0.0
230,05/23/21,05:09:31 AM,18.331,0.0
231,05/23/21,06:09:31 AM,17.189,0.0
232,05/23/21,07:09:31 AM,16.141,0.0
233,05/23/21,08:09:31 AM,15.187,0.0
234,05/23/21,09:09:31 AM,15.378,0.0
235,05/23/21,10:09:31 AM,16.713,0.0
236,05/23/21,11:09:31 AM,18.806,0.0
237,05/23/21,12:09:31 PM,19.282,0.0
238,05/23/21,01:09:31 PM,21.760,0.0
239,05/23/21,02:09:31 PM,25.610,0.0
240,05/23/21,03:09:31 PM,28.456,0.0
241,05/23/21,04:09:31 PM,29.452,0.0
242,05/23/21,05:09:31 PM,25.610,0.0
243,05/23/21,06:09:31 PM,22.812,0.0
244,05/23/21,07:09:31 PM,20.805,0.0
245,05/23/21,08:09:31 PM,23.100,0.0
246,05/23/21,09:09:31 PM,22.238,0.0
247,05/23/21,10:09:31 PM,20.043,0.0
248,05/23/21,11:09:31 PM,19.187,0.0
249,05/24/21,12:09:31 AM,18.806,0.0
250,05/24/21,01:09:31 AM,18.140,0.0
251,05/24/21,02:09:31 AM,17.475,0.0
252,05/24/21,03:09:31 AM,16.523,0.0
253,05/24/21,04:09:31 AM,15.473,0.0
254,05/24/21,05:09:31 AM,14.325,0.0
255,05/24/21,06:09:31 AM,13.461,0.0
256,05/24/21,07:09:31 AM,12.497,0.0
257,05/24/21,08:09:31 AM,11.916,0.0
258,05/24/21,09:09:31 AM,12.594,0.0
259,05/24/21,10:09:31 AM,14.230,0.0
260,05/24/21,11:09:31 AM,16.427,0.0
261,05/24/21,12:09:31 PM,26.683,0.0
262,05/24/21,01:09:31 PM,30.457,0.0
263,05/24/21,02:09:31 PM,30.558,0.0
264,05/24/21,03:09:31 PM,33.326,0.0
265,05/24/21,04:09:31 PM,35.328,0.0
266,05/24/21,05:09:31 PM,36.403,0.0
267,05/24/21,06:09:31 PM,34.163,0.0
268,05/24/21,07:09:31 PM,34.058,0.0
269,05/24/21,08:09:31 PM,32.600,0.0
270,05/24/21,09:09:31 PM,31.370,0.0
271,05/24/21,10:09:31 PM,30.862,0.0
272,05/24/21,11:09:31 PM,30.255,0.0
273,05/25/21,12:09:31 AM,29.552,0.0
274,05/25/21,01:09:31 AM,29.152,0.0
275,05/25/21,02:09:31 AM,28.456,0.0
276,05/25/21,03:09:31 AM,27.567,0.0
277,05/25/21,04:09:31 AM,26.585,0.0
278,05/25/21,05:09:31 AM,25.610,0.0
279,05/25/21,06:09:31 AM,24.738,0.0
280,05/25/21,07:09:31 AM,23.966,0.0
281,05/25/21,08:09:31 AM,23.484,0.0
282,05/25/21,09:09:31 AM,23.966,0.0
283,05/25/21,10:09:31 AM,25.125,0.0
284,05/25/21,11:09:31 AM,26.977,0.0
285,05/25/21,12:09:31 PM,28.953,0.0
286,05/25/21,01:09:31 PM,30.760,0.0
287,05/25/21,02:09:31 PM,33.118,0.0
288,05/25/21,03:09:31 PM,33.639,0.0
289,05/25/21,04:09:31 PM,36.187,0.0
290,05/25/21,05:09:31 PM,37.494,0.0
291,05/25/21,06:09:31 PM,37.384,0.0
292,05/25/21,07:09:31 PM,36.946,0.0
293,05/25/21,08:09:31 PM,35.864,0.0
294,05/25/21,09:09:31 PM,34.691,0.0
295,05/25/21,10:09:31 PM,32.188,0.0
296,05/25/21,11:09:31 PM,30.054,0.0
297,05/26/21,12:09:31 AM,28.456,0.0
298,05/26/21,01:09:31 AM,26.977,0.0
299,05/26/21,02:09:31 AM,25.708,0.0
300,05/26/21,03:09:31 AM,24.545,0.0
301,05/26/21,04:09:31 AM,23.388,0.0
302,05/26/21,05:09:31 AM,22.238,0.0
303,05/26/21,06:09:31 AM,21.378,0.0
304,05/26/21,07:09:31 AM,20.615,0.0
305,05/26/21,08:09:31 AM,19.948,0.0
306,05/26/21,09:09:31 AM,19.758,0.0
307,05/26/21,10:09:31 AM,20.805,0.0
308,05/26/21,11:09:31 AM,23.196,0.0
309,05/26/21,12:09:31 PM,27.272,0.0
310,05/26/21,01:09:31 PM,25.610,0.0
311,05/26/21,02:09:31 PM,25.028,0.0
312,05/26/21,03:09:31 PM,19.662,110223.0
313,05/26/21,04:09:31 PM,19.662,104711.8
314,05/26/21,05:09:31 PM,19.758,110223.0
315,05/26/21,06:09:31 PM,19.948,115734.1
316,05/26/21,07:09:31 PM,20.043,115734.1
317,05/26/21,08:09:31 PM,19.662,121245.2
318,05/26/21,09:09:31 PM,20.043,121245.2
319,05/26/21,10:09:31 PM,19.662,121245.2
320,05/26/21,11:09:31 PM,19.567,126756.4
321,05/27/21,12:09:31 AM,19.282,132267.5
322,05/27/21,01:09:31 AM,18.806,132267.5
323,05/27/21,02:09:31 AM,18.521,132267.5
324,05/27/21,03:09:31 AM,18.236,137778.7
325,05/27/21,04:09:31 AM,17.950,137778.7
326,05/27/21,05:09:31 AM,17.570,137778.7
327,05/27/21,06:09:31 AM,17.189,132267.5
328,05/27/21,07:09:31 AM,16.713,126756.4
329,05/27/21,08:09:31 AM,16.427,126756.4
330,05/27/21,09:09:31 AM,16.237,126756.4
331,05/27/21,10:09:31 AM,16.141,126756.4
332,05/27/21,11:09:31 AM,16.237,121245.2
333,05/27/21,12:09:31 PM,16.618,126756.4
334,05/27/21,01:09:31 PM,17.189,126756.4
335,05/27/21,02:09:31 PM,18.711,126756.4
336,05/27/21,03:09:31 PM,19.948,132267.5
337,05/27/21,04:09:31 PM,20.519,132267.5
338,05/27/21,05:09:31 PM,19.948,132267.5
339,05/27/21,06:09:31 PM,19.948,137778.7
340,05/27/21,07:09:31 PM,19.662,137778.7
341,05/27/21,08:09:31 PM,20.043,137778.7
342,05/27/21,09:09:31 PM,20.138,137778.7
343,05/27/21,10:09:31 PM,19.948,137778.7
344,05/27/21,11:09:31 PM,20.519,143289.8
345,05/28/21,12:09:31 AM,20.329,143289.8
346,05/28/21,01:09:31 AM,20.138,148801.0
347,05/28/21,02:09:31 AM,19.853,148801.0
348,05/28/21,03:09:31 AM,19.662,148801.0
349,05/28/21,04:09:31 AM,19.377,148801.0
350,05/28/21,05:09:31 AM,18.996,148801.0
351,05/28/21,06:09:31 AM,18.711,148801.0
352,05/28/21,07:09:31 AM,18.236,148801.0
353,05/28/21,08:09:31 AM,17.950,143289.8
354,05/28/21,09:09:31 AM,17.665,137778.7
355,05/28/21,10:09:31 AM,17.570,137778.7
356,05/28/21,11:09:31 AM,17.570,132267.5
357,05/28/21,12:09:31 PM,18.045,137778.7
358,05/28/21,01:09:31 PM,18.521,137778.7
359,05/28/21,02:09:31 PM,19.662,137778.7
360,05/28/21,03:09:31 PM,20.615,132267.5
361,05/28/21,04:09:31 PM,20.901,132267.5
362,05/28/21,05:09:31 PM,20.329,137778.7
363,05/28/21,06:09:31 PM,20.234,137778.7
364,05/28/21,07:09:31 PM,20.424,143289.8
365,05/28/21,08:09:31 PM,20.519,143289.8
366,05/28/21,09:09:31 PM,20.805,143289.8
367,05/28/21,10:09:31 PM,21.091,148801.0
368,05/28/21,11:09:31 PM,21.282,148801.0
369,05/29/21,12:09:31 AM,20.901,154312.1
370,05/29/21,01:09:31 AM,20.615,154312.1
371,05/29/21,02:09:31 AM,20.519,154312.1
372,05/29/21,03:09:31 AM,20.329,154312.1
373,05/29/21,04:09:31 AM,20.043,154312.1
374,05/29/21,05:09:31 AM,19.662,154312.1
375,05/29/21,06:09:31 AM,19.377,154312.1
376,05/29/21,07:09:31 AM,19.092,148801.0
377,05/29/21,08:09:31 AM,18.711,148801.0
378,05/29/21,09:09:31 AM,18.426,148801.0
379,05/29/21,10:09:31 AM,18.236,148801.0
380,05/29/21,11:09:31 AM,18.236,148801.0
381,05/29/21,12:09:31 PM,18.331,148801.0
382,05/29/21,01:09:31 PM,18.711,148801.0
383,05/29/21,02:09:31 PM,19.948,143289.8
384,05/29/21,03:09:31 PM,20.805,148801.0
385,05/29/21,04:09:31 PM,21.091,143289.8
386,05/29/21,05:09:31 PM,20.615,148801.0
387,05/29/21,06:09:31 PM,20.329,154312.1
388,05/29/21,07:09:31 PM,20.329,154312.1
389,05/29/21,08:09:31 PM,20.329,154312.1
390,05/29/21,09:09:31 PM,20.519,154312.1
391,05/29/21,10:09:31 PM,20.805,159823.3
392,05/29/21,11:09:31 PM,20.901,165334.4
393,05/30/21,12:09:31 AM,20.615,165334.4
394,05/30/21,01:09:31 AM,20.424,165334.4
395,05/30/21,02:09:31 AM,20.234,165334.4
396,05/30/21,03:09:31 AM,20.043,165334.4
397,05/30/21,04:09:31 AM,19.758,165334.4
398,05/30/21,05:09:31 AM,19.377,159823.3
399,05/30/21,06:09:31 AM,19.092,159823.3
400,05/30/21,07:09:31 AM,18.806,154312.1
401,05/30/21,08:09:31 AM,18.521,154312.1
402,05/30/21,09:09:31 AM,18.236,154312.1
403,05/30/21,10:09:31 AM,18.045,154312.1
404,05/30/21,11:09:31 AM,17.950,154312.1
405,05/30/21,12:09:31 PM,18.140,154312.1
406,05/30/21,01:09:31 PM,18.426,154312.1
407,05/30/21,02:09:31 PM,19.758,148801.0
408,05/30/21,03:09:31 PM,20.710,154312.1
409,05/30/21,04:09:31 PM,20.996,154312.1
410,05/30/21,05:09:31 PM,20.329,159823.3
411,05/30/21,06:09:31 PM,20.329,159823.3
412,05/30/21,07:09:31 PM,20.329,159823.3
413,05/30/21,08:09:31 PM,20.519,165334.4
414,05/30/21,09:09:31 PM,20.424,159823.3
415,05/30/21,10:09:31 PM,20.615,165334.4
416,05/30/21,11:09:31 PM,20.901,165334.4
417,05/31/21,12:09:31 AM,20.615,165334.4
418,05/31/21,01:09:31 AM,20.424,165334.4
419,05/31/21,02:09:31 AM,20.329,165334.4
420,05/31/21,03:09:31 AM,20.234,165334.4
421,05/31/21,04:09:31 AM,20.138,170845.6
422,05/31/21,05:09:31 AM,19.948,170845.6
423,05/31/21,06:09:31 AM,19.662,165334.4
424,05/31/21,07:09:31 AM,19.377,159823.3
425,05/31/21,08:09:31 AM,18.996,154312.1
426,05/31/21,09:09:31 AM,18.711,154312.1
427,05/31/21,10:09:31 AM,18.616,154312.1
428,05/31/21,11:09:31 AM,18.616,154312.1
429,05/31/21,12:09:31 PM,18.806,154312.1
430,05/31/21,01:09:31 PM,19.092,154312.1
431,05/31/21,02:09:31 PM,20.234,154312.1
432,05/31/21,03:09:31 PM,21.091,154312.1
433,05/31/21,04:09:31 PM,21.378,159823.3
434,05/31/21,05:09:31 PM,20.710,159823.3
435,05/31/21,06:09:31 PM,20.615,165334.4
436,05/31/21,07:09:31 PM,20.805,165334.4
437,05/31/21,08:09:31 PM,20.805,165334.4
438,05/31/21,09:09:31 PM,20.710,165334.4
439,05/31/21,10:09:31 PM,20.805,165334.4
440,05/31/21,11:09:31 PM,20.805,165334.4
441,06/01/21,12:09:31 AM,20.710,165334.4
442,06/01/21,01:09:31 AM,20.615,165334.4
443,06/01/21,02:09:31 AM,20.519,165334.4
444,06/01/21,03:09:31 AM,20.424,165334.4
445,06/01/21,04:09:31 AM,20.329,165334.4
446,06/01/21,05:09:31 AM,20.234,165334.4
447,06/01/21,06:09:31 AM,20.043,170845.6
448,06/01/21,07:09:31 AM,19.758,165334.4
449,06/01/21,08:09:31 AM,19.472,159823.3
450,06/01/21,09:09:31 AM,19.187,154312.1
451,06/01/21,10:09:31 AM,19.092,154312.1
452,06/01/21,11:09:31 AM,19.092,154312.1
453,06/01/21,12:09:31 PM,19.187,154312.1
454,06/01/21,01:09:31 PM,19.472,154312.1
455,06/01/21,02:09:31 PM,20.519,154312.1
456,06/01/21,03:09:31 PM,21.378,159823.3
457,06/01/21,04:09:31 PM,21.664,159823.3
458,06/01/21,05:09:31 PM,21.091,159823.3
459,06/01/21,06:09:31 PM,20.901,159823.3
460,06/01/21,07:09:31 PM,20.901,159823.3
461,06/01/21,08:09:31 PM,20.996,159823.3
462,06/01/21,09:09:31 PM,21.091,159823.3
463,06/01/21,10:09:31 PM,21.091,165334.4
464,06/01/21,11:09:31 PM,21.091,165334.4
465,06/02/21,12:09:31 AM,20.996,159823.3
466,06/02/21,01:09:31 AM,20.805,159823.3
467,06/02/21,02:09:31 AM,20.805,159823.3
468,06/02/21,03:09:31 AM,20.710,159823.3
469,06/02/21,04:09:31 AM,20.615,159823.3
470,06/02/21,05:09:31 AM,20.519,159823.3
471,06/02/21,06:09:31 AM,20.424,170845.6
472,06/02/21,07:09:31 AM,20.138,159823.3
473,06/02/21,08:09:31 AM,19.758,154312.1
474,06/02/21,09:09:31 AM,19.472,154312.1
475,06/02/21,10:09:31 AM,19.472,154312.1
476,06/02/21,11:09:31 AM,19.472,154312.1
477,06/02/21,12:09:31 PM,19.662,154312.1
478,06/02/21,01:09:31 PM,19.948,154312.1
479,06/02/21,02:09:31 PM,20.901,154312.1
480,06/02/21,03:09:31 PM,21.569,159823.3
481,06/02/21,04:09:31 PM,21.473,159823.3
482,06/02/21,05:09:31 PM,21.187,159823.3
483,06/02/21,06:09:31 PM,21.091,165334.4
484,06/02/21,07:09:31 PM,21.091,165334.4
485,06/02/21,08:09:31 PM,21.187,165334.4
486,06/02/21,09:09:31 PM,21.282,165334.4
487,06/02/21,10:09:31 PM,21.187,165334.4
488,06/02/21,11:09:31 PM,21.091,165334.4
489,06/03/21,12:09:31 AM,20.901,165334.4
490,06/03/21,01:09:31 AM,20.805,165334.4
491,06/03/21,02:09:31 AM,20.805,165334.4
492,06/03/21,03:09:31 AM,20.710,165334.4
493,06/03/21,04:09:31 AM,20.710,165334.4
494,06/03/21,05:09:31 AM,20.710,165334.4
495,06/03/21,06:09:31 AM,20.615,165334.4
496,06/03/21,07:09:31 AM,20.519,170845.6
497,06/03/21,08:09:31 AM,20.519,170845.6
498,06/03/21,09:09:31 AM,20.424,170845.6
499,06/03/21,10:09:31 AM,20.424,170845.6
500,06/03/21,11:09:31 AM,20.424,170845.6
501,06/03/21,12:09:31 PM,20.519,165334.4
502,06/03/21,01:09:31 PM,20.710,165334.4
503,06/03/21,02:09:31 PM,21.569,165334.4
504,06/03/21,03:09:31 PM,22.142,165334.4
505,06/03/21,04:09:31 PM,22.525,165334.4
506,06/03/21,05:09:31 PM,22.046,165334.4
507,06/03/21,06:09:31 PM,21.951,165334.4
508,06/03/21,07:09:31 PM,22.046,165334.4
509,06/03/21,08:09:31 PM,22.142,165334.4
510,06/03/21,09:09:31 PM,22.142,165334.4
511,06/03/21,10:09:31 PM,22.046,165334.4
512,06/03/21,11:09:31 PM,21.855,165334.4
513,06/04/21,12:09:31 AM,21.760,165334.4
514,06/04/21,01:09:31 AM,21.760,165334.4
515,06/04/21,02:09:31 AM,21.664,165334.4
516,06/04/21,03:09:31 AM,21.569,165334.4
517,06/04/21,04:09:31 AM,21.378,165334.4
518,06/04/21,05:09:31 AM,21.282,165334.4
519,06/04/21,06:09:31 AM,21.187,170845.6
520,06/04/21,07:09:31 AM,21.091,170845.6
521,06/04/21,08:09:31 AM,20.805,165334.4
522,06/04/21,09:09:31 AM,20.615,159823.3
523,06/04/21,10:09:31 AM,20.519,159823.3
524,06/04/21,11:09:31 AM,20.615,159823.3
525,06/04/21,12:09:31 PM,20.710,154312.1
526,06/04/21,01:09:31 PM,20.996,159823.3
527,06/04/21,02:09:31 PM,21.760,159823.3
528,06/04/21,03:09:31 PM,22.429,159823.3
529,06/04/21,04:09:31 PM,22.717,159823.3
530,06/04/21,05:09:31 PM,22.238,159823.3
531,06/04/21,06:09:31 PM,25.028,159823.3
532,06/04/21,07:09:31 PM,23.484,159823.3
533,06/04/21,08:09:31 PM,22.621,159823.3
534,06/04/21,09:09:31 PM,22.621,159823.3
535,06/04/21,10:09:31 PM,22.525,159823.3
536,06/04/21,11:09:31 PM,22.142,159823.3
537,06/05/21,12:09:31 AM,21.855,159823.3
538,06/05/21,01:09:31 AM,21.760,159823.3
539,06/05/21,02:09:31 AM,21.760,159823.3
540,06/05/21,03:09:31 AM,21.664,159823.3
541,06/05/21,04:09:31 AM,21.569,165334.4
542,06/05/21,05:09:31 AM,21.473,165334.4
543,06/05/21,06:09:31 AM,21.473,165334.4
544,06/05/21,07:09:31 AM,21.282,165334.4
545,06/05/21,08:09:31 AM,21.187,170845.6
546,06/05/21,09:09:31 AM,20.996,159823.3
547,06/05/21,10:09:31 AM,20.901,154312.1
548,06/05/21,11:09:31 AM,20.996,159823.3
549,06/05/21,12:09:31 PM,20.996,159823.3
550,06/05/21,01:09:31 PM,21.187,165334.4
551,06/05/21,02:09:31 PM,21.473,159823.3
552,06/05/21,03:09:31 PM,22.333,165334.4
553,06/05/21,04:09:31 PM,22.717,165334.4
554,06/05/21,05:09:31 PM,23.004,159823.3
555,06/05/21,06:09:31 PM,22.717,159823.3
556,06/05/21,07:09:31 PM,22.621,159823.3
557,06/05/21,08:09:31 PM,22.812,159823.3
558,06/05/21,09:09:31 PM,23.100,165334.4
559,06/05/21,10:09:31 PM,22.908,165334.4
560,06/05/21,11:09:31 PM,22.621,159823.3
561,06/06/21,12:09:31 AM,22.333,159823.3
562,06/06/21,01:09:31 AM,22.142,159823.3
563,06/06/21,02:09:31 AM,22.046,159823.3
564,06/06/21,03:09:31 AM,21.951,165334.4
565,06/06/21,04:09:31 AM,21.664,170845.6
566,06/06/21,05:09:31 AM,21.282,159823.3
567,06/06/21,06:09:31 AM,20.901,154312.1
568,06/06/21,07:09:31 AM,20.519,148801.0
569,06/06/21,08:09:31 AM,19.948,148801.0
570,06/06/21,09:09:31 AM,19.758,148801.0
571,06/06/21,10:09:31 AM,19.662,148801.0
572,06/06/21,11:09:31 AM,19.662,148801.0
573,06/06/21,12:09:31 PM,19.758,148801.0
574,06/06/21,01:09:31 PM,20.043,148801.0
575,06/06/21,02:09:31 PM,20.901,148801.0
576,06/06/21,03:09:31 PM,21.664,148801.0
577,06/06/21,04:09:31 PM,22.812,148801.0
578,06/06/21,05:09:31 PM,23.388,154312.1
579,06/06/21,06:09:31 PM,23.004,154312.1
580,06/06/21,07:09:31 PM,23.004,154312.1
581,06/06/21,08:09:31 PM,22.812,154312.1
582,06/06/21,09:09:31 PM,22.812,154312.1
583,06/06/21,10:09:31 PM,22.525,154312.1
584,06/06/21,11:09:31 PM,22.238,154312.1
585,06/07/21,12:09:31 AM,22.046,154312.1
586,06/07/21,01:09:31 AM,21.951,154312.1
587,06/07/21,02:09:31 AM,21.855,159823.3
588,06/07/21,03:09:31 AM,21.378,159823.3
589,06/07/21,04:09:31 AM,20.805,159823.3
590,06/07/21,05:09:31 AM,20.519,154312.1
591,06/07/21,06:09:31 AM,19.948,148801.0
592,06/07/21,07:09:31 AM,19.567,143289.8
593,06/07/21,08:09:31 AM,19.187,143289.8
594,06/07/21,09:09:31 AM,18.901,143289.8
595,06/07/21,10:09:31 AM,18.806,143289.8
596,06/07/21,11:09:31 AM,18.806,143289.8
597,06/07/21,12:09:31 PM,18.996,143289.8
598,06/07/21,01:09:31 PM,19.472,143289.8
599,06/07/21,02:09:31 PM,20.138,143289.8
600,06/07/21,03:09:31 PM,20.710,137778.7
601,06/07/21,04:09:31 PM,21.187,132267.5
602,06/07/21,05:09:31 PM,21.951,132267.5
603,06/07/21,06:09:31 PM,21.760,143289.8
604,06/07/21,07:09:31 PM,22.046,137778.7
605,06/07/21,08:09:31 PM,22.046,143289.8
606,06/07/21,09:09:31 PM,22.142,148801.0
607,06/07/21,10:09:31 PM,21.760,148801.0
608,06/07/21,11:09:31 PM,21.664,154312.1
609,06/08/21,12:09:31 AM,21.378,154312.1
610,06/08/21,01:09:31 AM,20.996,148801.0
611,06/08/21,02:09:31 AM,20.615,148801.0
612,06/08/21,03:09:31 AM,20.234,143289.8
613,06/08/21,04:09:31 AM,19.758,137778.7
614,06/08/21,05:09:31 AM,19.377,137778.7
615,06/08/21,06:09:31 AM,18.996,137778.7
616,06/08/21,07:09:31 AM,18.711,137778.7
617,06/08/21,08:09:31 AM,18.426,132267.5
618,06/08/21,09:09:31 AM,18.140,132267.5
619,06/08/21,10:09:31 AM,18.045,132267.5
620,06/08/21,11:09:31 AM,17.855,126756.4
621,06/08/21,12:09:31 PM,18.045,126756.4
622,06/08/21,01:09:31 PM,18.426,132267.5
623,06/08/21,02:09:31 PM,19.282,126756.4
624,06/08/21,03:09:31 PM,20.519,126756.4
625,06/08/21,04:09:31 PM,21.473,121245.2
626,06/08/21,05:09:31 PM,21.473,132267.5
627,06/08/21,06:09:31 PM,21.569,137778.7
628,06/08/21,07:09:31 PM,21.664,143289.8
629,06/08/21,08:09:31 PM,21.855,143289.8
630,06/08/21,09:09:31 PM,21.951,143289.8
631,06/08/21,10:09:31 PM,21.664,143289.8
632,06/08/21,11:09:31 PM,21.664,148801.0
633,06/09/21,12:09:31 AM,21.569,148801.0
634,06/09/21,01:09:31 AM,21.282,154312.1
635,06/09/21,02:09:31 AM,20.901,148801.0
636,06/09/21,03:09:31 AM,20.519,137778.7
637,06/09/21,04:09:31 AM,20.138,143289.8
638,06/09/21,05:09:31 AM,19.758,137778.7
639,06/09/21,06:09:31 AM,19.282,137778.7
640,06/09/21,07:09:31 AM,18.901,137778.7
641,06/09/21,08:09:31 AM,18.616,132267.5
642,06/09/21,09:09:31 AM,18.426,132267.5
643,06/09/21,10:09:31 AM,18.331,132267.5
644,06/09/21,11:09:31 AM,18.521,132267.5
645,06/09/21,12:09:31 PM,18.616,132267.5
646,06/09/21,01:09:31 PM,18.901,132267.5
647,06/09/21,02:09:31 PM,19.758,132267.5
648,06/09/21,03:09:31 PM,20.710,121245.2
649,06/09/21,04:09:31 PM,21.664,115734.1
650,06/09/21,05:09:31 PM,21.951,132267.5
651,06/09/21,06:09:31 PM,22.238,126756.4
652,06/09/21,07:09:31 PM,21.855,132267.5
653,06/09/21,08:09:31 PM,22.142,126756.4
654,06/09/21,09:09:31 PM,22.429,126756.4
655,06/09/21,10:09:31 PM,22.142,126756.4
656,06/09/21,11:09:31 PM,21.855,132267.5
657,06/10/21,12:09:31 AM,21.664,143289.8
658,06/10/21,01:09:31 AM,21.378,137778.7
659,06/10/21,02:09:31 AM,20.996,143289.8
660,06/10/21,03:09:31 AM,20.615,143289.8
661,06/10/21,04:09:31 AM,20.234,143289.8
662,06/10/21,05:09:31 AM,19.758,137778.7
663,06/10/21,06:09:31 AM,19.472,132267.5
664,06/10/21,07:09:31 AM,18.996,132267.5
665,06/10/21,08:09:31 AM,18.711,132267.5
666,06/10/21,09:09:31 AM,18.711,132267.5
667,06/10/21,10:09:31 AM,18.616,126756.4
668,06/10/21,11:09:31 AM,18.711,132267.5
669,06/10/21,12:09:31 PM,18.901,132267.5
670,06/10/21,01:09:31 PM,19.567,330668.9
671,06/10/21,02:09:31 PM,20.234,330668.9
672,06/10/21,03:09:31 PM,20.615,330668.9
673,06/10/21,04:09:31 PM,21.091,330668.9
674,06/10/21,05:09:31 PM,21.569,330668.9
675,06/10/21,06:09:31 PM,21.855,330668.9
676,06/10/21,07:09:31 PM,22.046,330668.9
677,06/10/21,08:09:31 PM,22.238,330668.9
678,06/10/21,09:09:31 PM,22.238,330668.9
679,06/10/21,10:09:31 PM,22.238,330668.9
680,06/10/21,11:09:31 PM,22.238,330668.9
681,06/11/21,12:09:31 AM,22.142,330668.9
682,06/11/21,01:09:31 AM,21.951,330668.9
683,06/11/21,02:09:31 AM,21.760,330668.9
684,06/11/21,03:09:31 AM,21.569,330668.9
685,06/11/21,04:09:31 AM,21.282,330668.9
686,06/11/21,05:09:31 AM,21.091,330668.9
687,06/11/21,06:09:31 AM,20.805,330668.9
688,06/11/21,07:09:31 AM,20.519,330668.9
689,06/11/21,08:09:31 AM,20.138,330668.9
690,06/11/21,09:09:31 AM,19.853,330668.9
691,06/11/21,10:09:31 AM,19.567,330668.9
692,06/11/21,11:09:31 AM,19.282,330668.9
693,06/11/21,12:09:31 PM,19.187,330668.9
694,06/11/21,01:09:31 PM,19.187,330668.9
695,06/11/21,02:09:31 PM,19.472,330668.9
696,06/11/21,03:09:31 PM,20.138,330668.9
697,06/11/21,04:09:31 PM,20.901,330668.9
698,06/11/21,05:09:31 PM,21.378,330668.9
699,06/11/21,06:09:31 PM,21.760,330668.9
700,06/11/21,07:09:31 PM,21.951,330668.9
701,06/11/21,08:09:31 PM,22.142,330668.9
702,06/11/21,09:09:31 PM,22.238,330668.9
703,06/11/21,10:09:31 PM,22.333,330668.9
704,06/11/21,11:09:31 PM,22.238,330668.9
705,06/12/21,12:09:31 AM,22.142,330668.9
706,06/12/21,01:09:31 AM,22.046,330668.9
707,06/12/21,02:09:31 AM,21.760,330668.9
708,06/12/21,03:09:31 AM,21.473,330668.9
709,06/12/21,04:09:31 AM,20.996,330668.9
710,06/12/21,05:09:31 AM,20.615,330668.9
711,06/12/21,06:09:31 AM,20.138,330668.9
712,06/12/21,07:09:31 AM,19.662,330668.9
713,06/12/21,08:09:31 AM,19.282,330668.9
714,06/12/21,09:09:31 AM,18.806,330668.9
715,06/12/21,10:09:31 AM,18.521,330668.9
716,06/12/21,11:09:31 AM,18.426,330668.9
717,06/12/21,12:09:31 PM,18.426,330668.9
718,06/12/21,01:09:31 PM,18.616,330668.9
719,06/12/21,02:09:31 PM,19.092,319646.6
720,06/12/21,03:09:31 PM,19.948,319646.6
721,06/12/21,04:09:31 PM,20.805,308624.3
722,06/12/21,05:09:31 PM,21.187,319646.6
723,06/12/21,06:09:31 PM,21.473,319646.6
724,06/12/21,07:09:31 PM,21.664,319646.6
725,06/12/21,08:09:31 PM,21.855,319646.6
726,06/12/21,09:09:31 PM,22.046,319646.6
727,06/12/21,10:09:31 PM,22.142,319646.6
728,06/12/21,11:09:31 PM,22.238,319646.6
729,06/13/21,12:09:31 AM,22.142,319646.6
730,06/13/21,01:09:31 AM,22.046,319646.6
731,06/13/21,02:09:31 AM,21.760,319646.6
732,06/13/21,03:09:31 AM,21.378,319646.6
733,06/13/21,04:09:31 AM,20.901,319646.6
734,06/13/21,05:09:31 AM,20.329,319646.6
735,06/13/21,06:09:31 AM,19.948,319646.6
736,06/13/21,07:09:31 AM,19.282,319646.6
737,06/13/21,08:09:31 AM,18.996,319646.6
738,06/13/21,09:09:31 AM,18.711,308624.3
739,06/13/21,10:09:31 AM,18.616,308624.3
740,06/13/21,11:09:31 AM,18.711,308624.3
741,06/13/21,12:09:31 PM,18.806,297602.0
742,06/13/21,01:09:31 PM,18.996,297602.0
743,06/13/21,02:09:31 PM,19.567,297602.0
744,06/13/21,03:09:31 PM,20.424,297602.0
745,06/13/21,04:09:31 PM,21.378,286579.7
746,06/13/21,05:09:31 PM,21.569,286579.7
747,06/13/21,06:09:31 PM,21.760,297602.0
748,06/13/21,07:09:31 PM,22.046,297602.0
749,06/13/21,08:09:31 PM,22.238,297602.0
750,06/13/21,09:09:31 PM,22.333,297602.0
751,06/13/21,10:09:31 PM,22.525,297602.0
752,06/13/21,11:09:31 PM,22.525,297602.0
753,06/14/21,12:09:31 AM,22.429,297602.0
754,06/14/21,01:09:31 AM,22.333,308624.3
755,06/14/21,02:09:31 AM,22.142,308624.3
756,06/14/21,03:09:31 AM,21.951,308624.3
757,06/14/21,04:09:31 AM,21.569,308624.3
758,06/14/21,05:09:31 AM,21.187,308624.3
759,06/14/21,06:09:31 AM,20.710,308624.3
760,06/14/21,07:09:31 AM,20.234,308624.3
761,06/14/21,08:09:31 AM,19.948,308624.3
762,06/14/21,09:09:31 AM,19.758,297602.0
763,06/14/21,10:09:31 AM,19.662,297602.0
764,06/14/21,11:09:31 AM,19.662,297602.0
765,06/14/21,12:09:31 PM,19.758,297602.0
766,06/14/21,01:09:31 PM,19.948,297602.0
767,06/14/21,02:09:31 PM,20.329,286579.7
768,06/14/21,03:09:31 PM,20.996,286579.7
769,06/14/21,04:09:31 PM,21.569,286579.7
770,06/14/21,05:09:31 PM,21.760,286579.7
771,06/14/21,06:09:31 PM,21.951,286579.7
772,06/14/21,07:09:31 PM,22.046,286579.7
773,06/14/21,08:09:31 PM,22.142,286579.7
774,06/14/21,09:09:31 PM,22.238,286579.7
775,06/14/21,10:09:31 PM,22.333,286579.7
776,06/14/21,11:09:31 PM,22.333,297602.0
777,06/15/21,12:09:31 AM,22.333,297602.0
778,06/15/21,01:09:31 AM,22.333,297602.0
779,06/15/21,02:09:31 AM,22.333,297602.0
780,06/15/21,03:09:31 AM,22.046,297602.0
781,06/15/21,04:09:31 AM,21.760,297602.0
782,06/15/21,05:09:31 AM,21.473,297602.0
783,06/15/21,06:09:31 AM,21.091,297602.0
784,06/15/21,07:09:31 AM,20.615,297602.0
785,06/15/21,08:09:31 AM,20.329,286579.7
786,06/15/21,09:09:31 AM,20.043,286579.7
787,06/15/21,10:09:31 AM,20.043,286579.7
788,06/15/21,11:09:31 AM,20.138,286579.7
789,06/15/21,12:09:31 PM,20.329,275557.4
790,06/15/21,01:09:31 PM,20.519,275557.4
791,06/15/21,02:09:31 PM,21.091,275557.4
792,06/15/21,03:09:31 PM,21.951,275557.4
793,06/15/21,04:09:31 PM,22.621,275557.4
794,06/15/21,05:09:31 PM,22.908,275557.4
795,06/15/21,06:09:31 PM,23.004,275557.4
796,06/15/21,07:09:31 PM,23.292,275557.4
797,06/15/21,08:09:31 PM,23.484,275557.4
798,06/15/21,09:09:31 PM,23.581,275557.4
799,06/15/21,10:09:31 PM,23.677,275557.4
800,06/15/21,11:09:31 PM,23.581,275557.4
801,06/16/21,12:09:31 AM,23.581,286579.7
802,06/16/21,01:09:31 AM,23.581,275557.4
803,06/16/21,02:09:31 AM,23.484,286579.7
804,06/16/21,03:09:31 AM,23.388,286579.7
805,06/16/21,04:09:31 AM,23.292,286579.7
806,06/16/21,05:09:31 AM,23.100,286579.7
807,06/16/21,06:09:31 AM,23.004,286579.7
808,06/16/21,07:09:31 AM,22.812,286579.7
809,06/16/21,08:09:31 AM,22.621,286579.7
810,06/16/21,09:09:31 AM,22.429,286579.7
811,06/16/21,10:09:31 AM,22.333,286579.7
812,06/16/21,11:09:31 AM,22.238,286579.7
813,06/16/21,12:09:31 PM,22.238,286579.7
814,06/16/21,01:09:31 PM,22.333,286579.7
815,06/16/21,02:09:31 PM,22.717,275557.4
816,06/16/21,03:09:31 PM,23.581,275557.4
817,06/16/21,04:09:31 PM,24.158,275557.4
818,06/16/21,05:09:31 PM,24.351,275557.4
819,06/16/21,06:09:31 PM,24.351,275557.4
820,06/16/21,07:09:31 PM,24.641,275557.4
821,06/16/21,08:09:31 PM,24.738,275557.4
822,06/16/21,09:09:31 PM,24.835,275557.4
823,06/16/21,10:09:31 PM,24.738,275557.4
824,06/16/21,11:09:31 PM,24.641,275557.4
825,06/17/21,12:09:31 AM,24.738,275557.4
826,06/17/21,01:09:31 AM,24.545,275557.4
827,06/17/21,02:09:31 AM,24.545,275557.4
828,06/17/21,03:09:31 AM,24.351,275557.4
829,06/17/21,04:09:31 AM,24.255,275557.4
830,06/17/21,05:09:31 AM,24.158,286579.7
831,06/17/21,06:09:31 AM,24.062,286579.7
832,06/17/21,07:09:31 AM,23.869,286579.7
833,06/17/21,08:09:31 AM,23.773,286579.7
834,06/17/21,09:09:31 AM,23.581,275557.4
835,06/17/21,10:09:31 AM,23.388,275557.4
836,06/17/21,11:09:31 AM,23.292,275557.4
837,06/17/21,12:09:31 PM,23.292,275557.4
838,06/17/21,01:09:31 PM,23.388,275557.4
839,06/17/21,02:09:31 PM,23.773,264535.1
840,06/17/21,03:09:31 PM,24.545,264535.1
841,06/17/21,04:09:31 PM,25.222,264535.1
842,06/17/21,05:09:31 PM,25.319,264535.1
843,06/17/21,06:09:31 PM,25.416,264535.1
844,06/17/21,07:09:31 PM,25.610,264535.1
845,06/17/21,08:09:31 PM,25.708,264535.1
846,06/17/21,09:09:31 PM,25.708,264535.1
847,06/17/21,10:09:31 PM,25.610,264535.1
848,06/17/21,11:09:31 PM,25.416,264535.1
849,06/18/21,12:09:31 AM,25.222,264535.1
850,06/18/21,01:09:31 AM,25.125,264535.1
851,06/18/21,02:09:31 AM,24.835,264535.1
852,06/18/21,03:09:31 AM,24.448,264535.1
853,06/18/21,04:09:31 AM,24.158,264535.1
854,06/18/21,05:09:31 AM,23.966,264535.1
855,06/18/21,06:09:31 AM,23.581,264535.1
856,06/18/21,07:09:31 AM,23.292,253512.8
857,06/18/21,08:09:31 AM,23.004,242490.5
858,06/18/21,09:09:31 AM,22.908,242490.5
859,06/18/21,10:09:31 AM,22.812,242490.5
860,06/18/21,11:09:31 AM,22.812,242490.5
861,06/18/21,12:09:31 PM,23.004,242490.5
862,06/18/21,01:09:31 PM,23.100,231468.2
863,06/18/21,02:09:31 PM,23.677,231468.2
864,06/18/21,03:09:31 PM,24.448,231468.2
865,06/18/21,04:09:31 PM,25.222,242490.5
866,06/18/21,05:09:31 PM,25.319,242490.5
867,06/18/21,06:09:31 PM,25.416,242490.5
868,06/18/21,07:09:31 PM,25.610,242490.5
869,06/18/21,08:09:31 PM,25.708,242490.5
870,06/18/21,09:09:31 PM,25.805,231468.2
871,06/18/21,10:09:31 PM,25.610,242490.5
872,06/18/21,11:09:31 PM,25.513,242490.5
873,06/19/21,12:09:31 AM,25.319,253512.8
874,06/19/21,01:09:31 AM,25.222,253512.8
875,06/19/21,02:09:31 AM,24.931,253512.8
876,06/19/21,03:09:31 AM,24.641,253512.8
877,06/19/21,04:09:31 AM,24.448,253512.8
878,06/19/21,05:09:31 AM,24.158,253512.8
879,06/19/21,06:09:31 AM,23.966,253512.8
880,06/19/21,07:09:31 AM,23.773,253512.8
881,06/19/21,08:09:31 AM,23.581,253512.8
882,06/19/21,09:09:31 AM,23.292,253512.8
883,06/19/21,10:09:31 AM,23.292,253512.8
884,06/19/21,11:09:31 AM,23.196,253512.8
885,06/19/21,12:09:31 PM,23.292,242490.5
886,06/19/21,01:09:31 PM,23.484,242490.5
887,06/19/21,02:09:31 PM,23.869,242490.5
888,06/19/21,03:09:31 PM,24.641,231468.2
889,06/19/21,04:09:31 PM,25.125,231468.2
890,06/19/21,05:09:31 PM,25.319,231468.2
891,06/19/21,06:09:31 PM,25.416,231468.2
892,06/19/21,07:09:31 PM,25.610,231468.2
893,06/19/21,08:09:31 PM,25.610,231468.2
894,06/19/21,09:09:31 PM,25.513,231468.2
895,06/19/21,10:09:31 PM,25.416,231468.2
896,06/19/21,11:09:31 PM,25.319,242490.5
897,06/20/21,12:09:31 AM,25.125,242490.5
898,06/20/21,01:09:31 AM,25.028,253512.8
899,06/20/21,02:09:31 AM,24.835,253512.8
900,06/20/21,03:09:31 AM,24.545,253512.8
901,06/20/21,04:09:31 AM,24.255,253512.8
902,06/20/21,05:09:31 AM,23.869,253512.8
903,06/20/21,06:09:31 AM,23.581,253512.8
904,06/20/21,07:09:31 AM,23.100,242490.5
905,06/20/21,08:09:31 AM,22.717,242490.5
906,06/20/21,09:09:31 AM,22.525,231468.2
907,06/20/21,10:09:31 AM,22.525,231468.2
908,06/20/21,11:09:31 AM,22.525,220445.9
909,06/20/21,12:09:31 PM,22.621,220445.9
910,06/20/21,01:09:31 PM,22.812,220445.9
911,06/20/21,02:09:31 PM,23.388,220445.9
912,06/20/21,03:09:31 PM,24.062,220445.9
913,06/20/21,04:09:31 PM,24.835,220445.9
914,06/20/21,05:09:31 PM,25.125,220445.9
915,06/20/21,06:09:31 PM,25.222,220445.9
916,06/20/21,07:09:31 PM,25.416,220445.9
917,06/20/21,08:09:31 PM,25.513,220445.9
918,06/20/21,09:09:31 PM,25.513,220445.9
919,06/20/21,10:09:31 PM,25.319,220445.9
920,06/20/21,11:09:31 PM,25.028,220445.9
921,06/21/21,12:09:31 AM,24.738,231468.2
922,06/21/21,01:09:31 AM,24.351,220445.9
923,06/21/21,02:09:31 AM,23.869,209423.6
924,06/21/21,03:09:31 AM,23.484,198401.3
925,06/21/21,04:09:31 AM,23.100,198401.3
926,06/21/21,05:09:31 AM,22.717,198401.3
927,06/21/21,06:09:31 AM,22.333,198401.3
928,06/21/21,07:09:31 AM,22.046,198401.3
929,06/21/21,08:09:31 AM,21.855,209423.6
930,06/21/21,09:09:31 AM,21.569,198401.3
931,06/21/21,10:09:31 AM,21.569,198401.3
932,06/21/21,11:09:31 AM,21.664,198401.3
933,06/21/21,12:09:31 PM,21.760,198401.3
934,06/21/21,01:09:31 PM,21.951,198401.3
935,06/21/21,02:09:31 PM,22.525,198401.3
936,06/21/21,03:09:31 PM,23.388,198401.3
937,06/21/21,04:09:31 PM,24.255,187379.0
938,06/21/21,05:09:31 PM,24.545,187379.0
939,06/21/21,06:09:31 PM,24.835,187379.0
940,06/21/21,07:09:31 PM,25.028,198401.3
941,06/21/21,08:09:31 PM,25.222,198401.3
942,06/21/21,09:09:31 PM,25.125,198401.3
943,06/21/21,10:09:31 PM,25.028,198401.3
944,06/21/21,11:09:31 PM,24.835,209423.6
945,06/22/21,12:09:31 AM,24.545,209423.6
946,06/22/21,01:09:31 AM,24.062,198401.3
947,06/22/21,02:09:31 AM,23.484,187379.0
948,06/22/21,03:09:31 AM,23.004,187379.0
949,06/22/21,04:09:31 AM,22.621,176356.7
950,06/22/21,05:09:31 AM,22.238,176356.7
951,06/22/21,06:09:31 AM,21.855,176356.7
952,06/22/21,07:09:31 AM,21.378,176356.7
953,06/22/21,08:09:31 AM,21.091,176356.7
954,06/22/21,09:09:31 AM,20.901,176356.7
955,06/22/21,10:09:31 AM,20.901,176356.7
956,06/22/21,11:09:31 AM,21.091,176356.7
957,06/22/21,12:09:31 PM,21.378,176356.7
958,06/22/21,01:09:31 PM,21.664,187379.0
959,06/22/21,02:09:31 PM,22.046,187379.0
960,06/22/21,03:09:31 PM,22.717,187379.0
961,06/22/21,04:09:31 PM,23.388,187379.0
962,06/22/21,05:09:31 PM,23.869,187379.0
963,06/22/21,06:09:31 PM,24.062,187379.0
964,06/22/21,07:09:31 PM,24.351,187379.0
965,06/22/21,08:09:31 PM,24.448,187379.0
966,06/22/21,09:09:31 PM,24.448,187379.0
967,06/22/21,10:09:31 PM,24.351,187379.0
968,06/22/21,11:09:31 PM,24.255,198401.3
969,06/23/21,12:09:31 AM,24.062,198401.3
970,06/23/21,01:09:31 AM,23.966,198401.3
971,06/23/21,02:09:31 AM,23.581,209423.6
972,06/23/21,03:09:31 AM,23.292,198401.3
973,06/23/21,04:09:31 AM,23.196,198401.3
974,06/23/21,05:09:31 AM,23.004,187379.0
975,06/23/21,06:09:31 AM,22.812,176356.7
976,06/23/21,07:09:31 AM,22.621,176356.7
977,06/23/21,08:09:31 AM,22.429,176356.7
978,06/23/21,09:09:31 AM,22.238,187379.0
979,06/23/21,10:09:31 AM,22.238,176356.7
980,06/23/21,11:09:31 AM,22.238,176356.7
981,06/23/21,12:09:31 PM,22.238,176356.7
982,06/23/21,01:09:31 PM,22.238,176356.7
983,06/23/21,02:09:31 PM,22.238,176356.7
984,06/23/21,03:09:31 PM,22.333,176356.7
985,06/23/21,04:09:31 PM,22.429,176356.7
986,06/23/21,05:09:31 PM,22.621,187379.0
987,06/23/21,06:09:31 PM,22.812,187379.0
988,06/23/21,07:09:31 PM,22.812,187379.0
989,06/23/21,08:09:31 PM,22.908,187379.0
990,06/23/21,09:09:31 PM,22.908,187379.0
991,06/23/21,10:09:31 PM,22.812,176356.7
992,06/23/21,11:09:31 PM,22.621,176356.7
993,06/24/21,12:09:31 AM,22.429,176356.7
994,06/24/21,01:09:31 AM,22.238,176356.7
995,06/24/21,02:09:31 AM,21.951,176356.7
996,06/24/21,03:09:31 AM,21.760,176356.7
997,06/24/21,04:09:31 AM,21.569,176356.7
998,06/24/21,05:09:31 AM,21.378,176356.7
999,06/24/21,06:09:31 AM,21.091,176356.7
1000,06/24/21,07:09:31 AM,20.901,170845.6
1001,06/24/21,08:09:31 AM,20.710,170845.6
1002,06/24/21,09:09:31 AM,20.519,170845.6
1003,06/24/21,10:09:31 AM,20.424,170845.6
1004,06/24/21,11:09:31 AM,20.519,170845.6
1005,06/24/21,12:09:31 PM,20.710,176356.7
1006,06/24/21,01:09:31 PM,20.996,176356.7
1007,06/24/21,02:09:31 PM,21.378,176356.7
1008,06/24/21,03:09:31 PM,21.664,176356.7
1009,06/24/21,04:09:31 PM,21.855,176356.7
1010,06/24/21,05:09:31 PM,22.046,176356.7
1011,06/24/21,06:09:31 PM,22.238,176356.7
1012,06/24/21,07:09:31 PM,22.333,176356.7
1013,06/24/21,08:09:31 PM,22.429,187379.0
1014,06/24/21,09:09:31 PM,22.525,187379.0
1015,06/24/21,10:09:31 PM,22.621,187379.0
1016,06/24/21,11:09:31 PM,22.621,187379.0
1017,06/25/21,12:09:31 AM,22.525,187379.0
1018,06/25/21,01:09:31 AM,22.429,198401.3
1019,06/25/21,02:09:31 AM,22.238,198401.3
1020,06/25/21,03:09:31 AM,21.951,198401.3
1021,06/25/21,04:09:31 AM,21.664,198401.3
1022,06/25/21,05:09:31 AM,21.378,187379.0
1023,06/25/21,06:09:31 AM,20.996,176356.7
1024,06/25/21,07:09:31 AM,20.710,176356.7
1025,06/25/21,08:09:31 AM,20.519,176356.7
1026,06/25/21,09:09:31 AM,20.329,170845.6
1027,06/25/21,10:09:31 AM,20.234,170845.6
1028,06/25/21,11:09:31 AM,20.234,170845.6
1029,06/25/21,12:09:31 PM,20.424,170845.6
1030,06/25/21,01:09:31 PM,20.615,170845.6
1031,06/25/21,02:09:31 PM,21.091,176356.7
1032,06/25/21,03:09:31 PM,21.760,176356.7
1033,06/25/21,04:09:31 PM,22.429,176356.7
1034,06/25/21,05:09:31 PM,22.621,176356.7
1035,06/25/21,06:09:31 PM,22.812,176356.7
1036,06/25/21,07:09:31 PM,23.004,176356.7
1037,06/25/21,08:09:31 PM,23.100,176356.7
1038,06/25/21,09:09:31 PM,23.196,176356.7
1039,06/25/21,10:09:31 PM,23.292,187379.0
1040,06/25/21,11:09:31 PM,23.292,187379.0
1041,06/26/21,12:09:31 AM,23.292,187379.0
1042,06/26/21,01:09:31 AM,23.196,187379.0
1043,06/26/21,02:09:31 AM,23.004,198401.3
1044,06/26/21,03:09:31 AM,22.621,198401.3
1045,06/26/21,04:09:31 AM,22.142,170845.6
1046,06/26/21,05:09:31 AM,21.569,170845.6
1047,06/26/21,06:09:31 AM,21.282,170845.6
1048,06/26/21,07:09:31 AM,20.901,170845.6
1049,06/26/21,08:09:31 AM,20.710,170845.6
1050,06/26/21,09:09:31 AM,20.615,170845.6
1051,06/26/21,10:09:31 AM,20.615,170845.6
1052,06/26/21,11:09:31 AM,20.615,170845.6
1053,06/26/21,12:09:31 PM,20.805,170845.6
1054,06/26/21,01:09:31 PM,20.996,170845.6
1055,06/26/21,02:09:31 PM,21.282,176356.7
1056,06/26/21,03:09:31 PM,21.569,176356.7
1057,06/26/21,04:09:31 PM,22.046,170845.6
1058,06/26/21,05:09:31 PM,22.333,170845.6
1059,06/26/21,06:09:31 PM,22.525,170845.6
1060,06/26/21,07:09:31 PM,22.717,170845.6
1061,06/26/21,08:09:31 PM,22.717,176356.7
1062,06/26/21,09:09:31 PM,22.812,176356.7
1063,06/26/21,10:09:31 PM,22.812,176356.7
1064,06/26/21,11:09:31 PM,22.812,187379.0
1065,06/27/21,12:09:31 AM,22.717,187379.0
1066,06/27/21,01:09:31 AM,22.621,187379.0
1067,06/27/21,02:09:31 AM,22.525,187379.0
1068,06/27/21,03:09:31 AM,22.046,176356.7
1069,06/27/21,04:09:31 AM,21.664,165334.4
1070,06/27/21,05:09:31 AM,21.569,165334.4
1071,06/27/21,06:09:31 AM,21.378,165334.4
1072,06/27/21,07:09:31 AM,21.091,165334.4
1073,06/27/21,08:09:31 AM,20.901,165334.4
1074,06/27/21,09:09:31 AM,20.805,165334.4
1075,06/27/21,10:09:31 AM,20.710,165334.4
1076,06/27/21,11:09:31 AM,20.805,165334.4
1077,06/27/21,12:09:31 PM,20.996,165334.4
1078,06/27/21,01:09:31 PM,21.091,170845.6
1079,06/27/21,02:09:31 PM,21.664,165334.4
1080,06/27/21,03:09:31 PM,22.525,170845.6
1081,06/27/21,04:09:31 PM,23.004,165334.4
1082,06/27/21,05:09:31 PM,23.100,165334.4
1083,06/27/21,06:09:31 PM,23.292,165334.4
1084,06/27/21,07:09:31 PM,23.581,165334.4
1085,06/27/21,08:09:31 PM,23.581,165334.4
1086,06/27/21,09:09:31 PM,23.677,165334.4
1087,06/27/21,10:09:31 PM,23.677,176356.7
1088,06/27/21,11:09:31 PM,23.484,170845.6
1089,06/28/21,12:09:31 AM,23.004,165334.4
1090,06/28/21,01:09:31 AM,22.525,165334.4
1091,06/28/21,02:09:31 AM,21.951,165334.4
1092,06/28/21,03:09:31 AM,21.664,165334.4
1093,06/28/21,04:09:31 AM,21.282,165334.4
1094,06/28/21,05:09:31 AM,20.805,159823.3
1095,06/28/21,06:09:31 AM,20.710,159823.3
1096,06/28/21,07:09:31 AM,20.519,159823.3
1097,06/28/21,08:09:31 AM,20.329,159823.3
1098,06/28/21,09:09:31 AM,20.329,159823.3
1099,06/28/21,10:09:31 AM,20.329,159823.3
1100,06/28/21,11:09:31 AM,20.424,159823.3
1101,06/28/21,12:09:31 PM,20.615,159823.3
1102,06/28/21,01:09:31 PM,20.805,165334.4
1103,06/28/21,02:09:31 PM,21.282,159823.3
1104,06/28/21,03:09:31 PM,21.951,165334.4
1105,06/28/21,04:09:31 PM,22.429,165334.4
1106,06/28/21,05:09:31 PM,22.717,165334.4
1107,06/28/21,06:09:31 PM,23.004,165334.4
1108,06/28/21,07:09:31 PM,23.196,165334.4
1109,06/28/21,08:09:31 PM,23.292,165334.4
1110,06/28/21,09:09:31 PM,23.388,165334.4
1111,06/28/21,10:09:31 PM,23.388,170845.6
1112,06/28/21,11:09:31 PM,23.292,176356.7
1113,06/29/21,12:09:31 AM,23.100,176356.7
1114,06/29/21,01:09:31 AM,22.717,165334.4
1115,06/29/21,02:09:31 AM,22.525,165334.4
1116,06/29/21,03:09:31 AM,22.429,165334.4
1117,06/29/21,04:09:31 AM,22.046,165334.4
1118,06/29/21,05:09:31 AM,21.855,165334.4
1119,06/29/21,06:09:31 AM,21.473,165334.4
1120,06/29/21,07:09:31 AM,21.187,159823.3
1121,06/29/21,08:09:31 AM,20.901,159823.3
1122,06/29/21,09:09:31 AM,20.710,159823.3
1123,06/29/21,10:09:31 AM,20.519,159823.3
1124,06/29/21,11:09:31 AM,20.615,154312.1
1125,06/29/21,12:09:31 PM,20.805,159823.3
1126,06/29/21,01:09:31 PM,21.187,159823.3
1127,06/29/21,02:09:31 PM,21.569,159823.3
1128,06/29/21,03:09:31 PM,21.951,159823.3
1129,06/29/21,04:09:31 PM,22.525,159823.3
1130,06/29/21,05:09:31 PM,23.196,159823.3
1131,06/29/21,06:09:31 PM,23.292,159823.3
1132,06/29/21,07:09:31 PM,23.388,154312.1
1133,06/29/21,08:09:31 PM,23.677,154312.1
1134,06/29/21,09:09:31 PM,23.773,159823.3
1135,06/29/21,10:09:31 PM,23.484,159823.3
1136,06/29/21,11:09:31 PM,23.100,154312.1
1137,06/30/21,12:09:31 AM,22.717,159823.3
1138,06/30/21,01:09:31 AM,22.429,154312.1
1139,06/30/21,02:09:31 AM,22.238,159823.3
1140,06/30/21,03:09:31 AM,22.046,154312.1
1141,06/30/21,04:09:31 AM,21.760,159823.3
1142,06/30/21,05:09:31 AM,21.569,154312.1
1143,06/30/21,06:09:31 AM,21.282,154312.1
1144,06/30/21,07:09:31 AM,21.091,154312.1
1145,06/30/21,08:09:31 AM,20.805,154312.1
1146,06/30/21,09:09:31 AM,20.805,154312.1
1147,06/30/21,10:09:31 AM,20.805,154312.1
1148,06/30/21,11:09:31 AM,20.901,159823.3
1149,06/30/21,12:09:31 PM,21.091,159823.3
1150,06/30/21,01:09:31 PM,21.473,165334.4
1151,06/30/21,02:09:31 PM,21.855,159823.3
1152,06/30/21,03:09:31 PM,22.429,159823.3
1153,06/30/21,04:09:31 PM,22.621,159823.3
1154,06/30/21,05:09:31 PM,22.812,159823.3
1155,06/30/21,06:09:31 PM,23.004,159823.3
1156,06/30/21,07:09:31 PM,23.100,159823.3
1157,06/30/21,08:09:31 PM,23.196,159823.3
1158,06/30/21,09:09:31 PM,23.100,165334.4
1159,06/30/21,10:09:31 PM,23.100,170845.6
1160,06/30/21,11:09:31 PM,23.004,176356.7
1161,07/01/21,12:09:31 AM,22.621,159823.3
1162,07/01/21,01:09:31 AM,22.333,159823.3
1163,07/01/21,02:09:31 AM,22.046,154312.1
1164,07/01/21,03:09:31 AM,21.855,154312.1
1165,07/01/21,04:09:31 AM,21.664,154312.1
1166,07/01/21,05:09:31 AM,21.378,154312.1
1167,07/01/21,06:09:31 AM,21.091,154312.1
1168,07/01/21,07:09:31 AM,20.805,154312.1
1169,07/01/21,08:09:31 AM,20.615,154312.1
1170,07/01/21,09:09:31 AM,20.519,154312.1
1171,07/01/21,10:09:31 AM,20.424,154312.1
1172,07/01/21,11:09:31 AM,20.424,154312.1
1173,07/01/21,12:09:31 PM,20.710,154312.1
1174,07/01/21,01:09:31 PM,20.996,154312.1
1175,07/01/21,02:09:31 PM,21.569,154312.1
1176,07/01/21,03:09:31 PM,22.621,159823.3
1177,07/01/21,04:09:31 PM,23.484,159823.3
1178,07/01/21,05:09:31 PM,24.062,159823.3
1179,07/01/21,06:09:31 PM,24.158,159823.3
1180,07/01/21,07:09:31 PM,24.351,159823.3
1181,07/01/21,08:09:31 PM,24.158,159823.3
1182,07/01/21,09:09:31 PM,24.158,170845.6
1183,07/01/21,10:09:31 PM,24.158,170845.6
1184,07/01/21,11:09:31 PM,24.062,176356.7
1185,07/02/21,12:09:31 AM,24.062,176356.7
1186,07/02/21,01:09:31 AM,23.869,176356.7
1187,07/02/21,02:09:31 AM,23.773,176356.7
1188,07/02/21,03:09:31 AM,23.677,176356.7
1189,07/02/21,04:09:31 AM,23.484,176356.7
1190,07/02/21,05:09:31 AM,23.100,159823.3
1191,07/02/21,06:09:31 AM,22.812,154312.1
1192,07/02/21,07:09:31 AM,22.621,159823.3
1193,07/02/21,08:09:31 AM,22.429,165334.4
1194,07/02/21,09:09:31 AM,22.333,165334.4
1195,07/02/21,10:09:31 AM,22.333,165334.4
1196,07/02/21,11:09:31 AM,22.429,165334.4
1197,07/02/21,12:09:31 PM,22.525,170845.6
1198,07/02/21,01:09:31 PM,22.717,170845.6
1199,07/02/21,02:09:31 PM,22.812,159823.3
1200,07/02/21,03:09:31 PM,22.908,159823.3
1201,07/02/21,04:09:31 PM,23.004,159823.3
1202,07/02/21,05:09:31 PM,23.100,154312.1
1203,07/02/21,06:09:31 PM,23.196,154312.1
1204,07/02/21,07:09:31 PM,23.292,154312.1
1205,07/02/21,08:09:31 PM,23.388,154312.1
1206,07/02/21,09:09:31 PM,23.388,154312.1
1207,07/02/21,10:09:31 PM,23.388,165334.4
1208,07/02/21,11:09:31 PM,23.292,170845.6
1209,07/03/21,12:09:31 AM,23.292,170845.6
1210,07/03/21,01:09:31 AM,23.292,176356.7
1211,07/03/21,02:09:31 AM,23.292,176356.7
1212,07/03/21,03:09:31 AM,23.196,176356.7
1213,07/03/21,04:09:31 AM,23.196,176356.7
1214,07/03/21,05:09:31 AM,23.100,176356.7
1215,07/03/21,06:09:31 AM,22.812,176356.7
1216,07/03/21,07:09:31 AM,22.525,154312.1
1217,07/03/21,08:09:31 AM,22.142,154312.1
1218,07/03/21,09:09:31 AM,22.046,154312.1
1219,07/03/21,10:09:31 AM,22.046,154312.1
1220,07/03/21,11:09:31 AM,22.142,154312.1
1221,07/03/21,12:09:31 PM,22.238,159823.3
1222,07/03/21,01:09:31 PM,22.429,159823.3
1223,07/03/21,02:09:31 PM,22.812,154312.1
1224,07/03/21,03:09:31 PM,23.388,154312.1
1225,07/03/21,04:09:31 PM,23.773,154312.1
1226,07/03/21,05:09:31 PM,23.869,154312.1
1227,07/03/21,06:09:31 PM,23.966,165334.4
1228,07/03/21,07:09:31 PM,23.869,165334.4
1229,07/03/21,08:09:31 PM,23.869,170845.6
1230,07/03/21,09:09:31 PM,23.869,170845.6
1231,07/03/21,10:09:31 PM,23.869,176356.7
1232,07/03/21,11:09:31 PM,23.966,176356.7
1233,07/04/21,12:09:31 AM,23.773,176356.7
1234,07/04/21,01:09:31 AM,23.677,176356.7
1235,07/04/21,02:09:31 AM,23.677,176356.7
1236,07/04/21,03:09:31 AM,23.581,187379.0
1237,07/04/21,04:09:31 AM,23.484,187379.0
1238,07/04/21,05:09:31 AM,23.388,187379.0
1239,07/04/21,06:09:31 AM,23.292,187379.0
1240,07/04/21,07:09:31 AM,23.100,187379.0
1241,07/04/21,08:09:31 AM,22.908,176356.7
1242,07/04/21,09:09:31 AM,22.812,176356.7
1243,07/04/21,10:09:31 AM,22.812,176356.7
1244,07/04/21,11:09:31 AM,22.908,176356.7
1245,07/04/21,12:09:31 PM,23.004,165334.4
1246,07/04/21,01:09:31 PM,23.196,159823.3
1247,07/04/21,02:09:31 PM,23.292,154312.1
1248,07/04/21,03:09:31 PM,23.677,154312.1
1249,07/04/21,04:09:31 PM,24.158,154312.1
1250,07/04/21,05:09:31 PM,24.448,154312.1
1251,07/04/21,06:09:31 PM,24.545,154312.1
1252,07/04/21,07:09:31 PM,24.738,159823.3
1253,07/04/21,08:09:31 PM,24.738,170845.6
1254,07/04/21,09:09:31 PM,24.738,170845.6
1255,07/04/21,10:09:31 PM,24.738,170845.6
1256,07/04/21,11:09:31 PM,24.545,170845.6
1257,07/05/21,12:09:31 AM,24.545,176356.7
1258,07/05/21,01:09:31 AM,24.545,176356.7
1259,07/05/21,02:09:31 AM,24.448,176356.7
1260,07/05/21,03:09:31 AM,24.351,176356.7
1261,07/05/21,04:09:31 AM,24.255,176356.7
1262,07/05/21,05:09:31 AM,24.158,176356.7
1263,07/05/21,06:09:31 AM,24.062,176356.7
1264,07/05/21,07:09:31 AM,23.869,170845.6
1265,07/05/21,08:09:31 AM,23.773,170845.6
1266,07/05/21,09:09:31 AM,23.581,170845.6
1267,07/05/21,10:09:31 AM,23.581,170845.6
1268,07/05/21,11:09:31 AM,23.581,170845.6
1269,07/05/21,12:09:31 PM,23.677,165334.4
1270,07/05/21,01:09:31 PM,23.869,159823.3
1271,07/05/21,02:09:31 PM,24.062,154312.1
1272,07/05/21,03:09:31 PM,24.545,154312.1
1273,07/05/21,04:09:31 PM,25.222,154312.1
1274,07/05/21,05:09:31 PM,25.610,154312.1
1275,07/05/21,06:09:31 PM,25.902,159823.3
1276,07/05/21,07:09:31 PM,25.902,159823.3
1277,07/05/21,08:09:31 PM,26.000,165334.4
1278,07/05/21,09:09:31 PM,26.000,159823.3
1279,07/05/21,10:09:31 PM,25.902,165334.4
1280,07/05/21,11:09:31 PM,25.610,170845.6
1281,07/06/21,12:09:31 AM,25.610,176356.7
1282,07/06/21,01:09:31 AM,25.513,176356.7
1283,07/06/21,02:09:31 AM,25.319,176356.7
1284,07/06/21,03:09:31 AM,25.222,170845.6
1285,07/06/21,04:09:31 AM,24.835,170845.6
1286,07/06/21,05:09:31 AM,24.545,165334.4
1287,07/06/21,06:09:31 AM,24.158,165334.4
1288,07/06/21,07:09:31 AM,23.966,159823.3
1289,07/06/21,08:09:31 AM,23.581,154312.1
1290,07/06/21,09:09:31 AM,23.388,154312.1
1291,07/06/21,10:09:31 AM,23.388,159823.3
1292,07/06/21,11:09:31 AM,23.292,154312.1
1293,07/06/21,12:09:31 PM,23.388,159823.3
1294,07/06/21,01:09:31 PM,23.581,154312.1
1295,07/06/21,02:09:31 PM,24.062,154312.1
1296,07/06/21,03:09:31 PM,24.835,154312.1
1297,07/06/21,04:09:31 PM,25.513,154312.1
1298,07/06/21,05:09:31 PM,26.097,154312.1
1299,07/06/21,06:09:31 PM,26.390,154312.1
1300,07/06/21,07:09:31 PM,26.488,154312.1
1301,07/06/21,08:09:31 PM,26.488,154312.1
1302,07/06/21,09:09:31 PM,26.390,154312.1
1303,07/06/21,10:09:31 PM,26.195,154312.1
1304,07/06/21,11:09:31 PM,26.097,154312.1
1305,07/07/21,12:09:31 AM,25.902,159823.3
1306,07/07/21,01:09:31 AM,25.610,165334.4
1307,07/07/21,02:09:31 AM,25.319,159823.3
1308,07/07/21,03:09:31 AM,24.931,154312.1
1309,07/07/21,04:09:31 AM,24.641,154312.1
1310,07/07/21,05:09:31 AM,24.351,154312.1
1311,07/07/21,06:09:31 AM,24.158,154312.1
1312,07/07/21,07:09:31 AM,23.869,154312.1
1313,07/07/21,08:09:31 AM,23.581,154312.1
1314,07/07/21,09:09:31 AM,23.484,154312.1
1315,07/07/21,10:09:31 AM,23.484,154312.1
1316,07/07/21,11:09:31 AM,23.388,154312.1
1317,07/07/21,12:09:31 PM,23.484,154312.1
1318,07/07/21,01:09:31 PM,23.677,154312.1
1319,07/07/21,02:09:31 PM,24.158,148801.0
1320,07/07/21,03:09:31 PM,24.931,148801.0
1321,07/07/21,04:09:31 PM,25.805,148801.0
1322,07/07/21,05:09:31 PM,26.390,148801.0
1323,07/07/21,06:09:31 PM,26.683,154312.1
1324,07/07/21,07:09:31 PM,26.781,159823.3
1325,07/07/21,08:09:31 PM,26.879,154312.1
1326,07/07/21,09:09:31 PM,26.781,154312.1
1327,07/07/21,10:09:31 PM,26.488,154312.1
1328,07/07/21,11:09:31 PM,26.292,159823.3
1329,07/08/21,12:09:31 AM,26.097,165334.4
1330,07/08/21,01:09:31 AM,25.805,170845.6
1331,07/08/21,02:09:31 AM,25.513,165334.4
1332,07/08/21,03:09:31 AM,25.125,159823.3
1333,07/08/21,04:09:31 AM,24.738,159823.3
1334,07/08/21,05:09:31 AM,24.448,159823.3
1335,07/08/21,06:09:31 AM,24.158,159823.3
1336,07/08/21,07:09:31 AM,23.966,159823.3
1337,07/08/21,08:09:31 AM,23.677,159823.3
1338,07/08/21,09:09:31 AM,23.484,165334.4
1339,07/08/21,10:09:31 AM,23.388,165334.4
1340,07/08/21,11:09:31 AM,23.484,159823.3
1341,07/08/21,12:09:31 PM,23.581,159823.3
1342,07/08/21,01:09:31 PM,23.773,159823.3
1343,07/08/21,02:09:31 PM,24.351,154312.1
1344,07/08/21,03:09:31 PM,25.028,154312.1
1345,07/08/21,04:09:31 PM,25.805,154312.1
1346,07/08/21,05:09:31 PM,26.195,154312.1
1347,07/08/21,06:09:31 PM,26.683,159823.3
1348,07/08/21,07:09:31 PM,26.977,159823.3
1349,07/08/21,08:09:31 PM,27.075,159823.3
1350,07/08/21,09:09:31 PM,26.977,159823.3
1351,07/08/21,10:09:31 PM,26.683,159823.3
1352,07/08/21,11:09:31 PM,26.292,165334.4
1353,07/09/21,12:09:31 AM,26.097,170845.6
1354,07/09/21,01:09:31 AM,25.902,176356.7
1355,07/09/21,02:09:31 AM,25.708,176356.7
1356,07/09/21,03:09:31 AM,25.610,170845.6
1357,07/09/21,04:09:31 AM,25.319,170845.6
1358,07/09/21,05:09:31 AM,25.028,176356.7
1359,07/09/21,06:09:31 AM,24.835,176356.7
1360,07/09/21,07:09:31 AM,24.545,176356.7
1361,07/09/21,08:09:31 AM,24.351,176356.7
1362,07/09/21,09:09:31 AM,24.158,176356.7
1363,07/09/21,10:09:31 AM,24.062,176356.7
1364,07/09/21,11:09:31 AM,24.062,176356.7
1365,07/09/21,12:09:31 PM,24.158,176356.7
1366,07/09/21,01:09:31 PM,24.351,170845.6
1367,07/09/21,02:09:31 PM,24.835,165334.4
1368,07/09/21,03:09:31 PM,25.708,159823.3
1369,07/09/21,04:09:31 PM,26.390,159823.3
1370,07/09/21,05:09:31 PM,26.879,159823.3
1371,07/09/21,06:09:31 PM,27.173,159823.3
1372,07/09/21,07:09:31 PM,26.781,165334.4
1373,07/09/21,08:09:31 PM,26.585,165334.4
1374,07/09/21,09:09:31 PM,26.488,170845.6
1375,07/09/21,10:09:31 PM,26.390,176356.7
1376,07/09/21,11:09:31 PM,26.292,176356.7
1377,07/10/21,12:09:31 AM,26.195,176356.7
1378,07/10/21,01:09:31 AM,26.000,187379.0
1379,07/10/21,02:09:31 AM,25.902,187379.0
1380,07/10/21,03:09:31 AM,25.708,187379.0
1381,07/10/21,04:09:31 AM,25.416,198401.3
1382,07/10/21,05:09:31 AM,25.125,198401.3
1383,07/10/21,06:09:31 AM,24.835,198401.3
1384,07/10/21,07:09:31 AM,24.545,198401.3
1385,07/10/21,08:09:31 AM,24.351,198401.3
1386,07/10/21,09:09:31 AM,24.255,198401.3
1387,07/10/21,10:09:31 AM,24.255,198401.3
1388,07/10/21,11:09:31 AM,24.351,198401.3
1389,07/10/21,12:09:31 PM,24.448,198401.3
1390,07/10/21,01:09:31 PM,24.545,198401.3
1391,07/10/21,02:09:31 PM,24.835,198401.3
1392,07/10/21,03:09:31 PM,26.097,187379.0
1393,07/10/21,04:09:31 PM,26.977,176356.7
1394,07/10/21,05:09:31 PM,27.272,198401.3
1395,07/10/21,06:09:31 PM,27.272,209423.6
1396,07/10/21,07:09:31 PM,27.272,209423.6
1397,07/10/21,08:09:31 PM,27.173,209423.6
1398,07/10/21,09:09:31 PM,27.173,198401.3
1399,07/10/21,10:09:31 PM,26.977,198401.3
1400,07/10/21,11:09:31 PM,26.683,198401.3
1401,07/11/21,12:09:31 AM,26.292,187379.0
1402,07/11/21,01:09:31 AM,25.902,187379.0
1403,07/11/21,02:09:31 AM,25.610,187379.0
1404,07/11/21,03:09:31 AM,25.319,176356.7
1405,07/11/21,04:09:31 AM,25.125,176356.7
1406,07/11/21,05:09:31 AM,24.835,176356.7
1407,07/11/21,06:09:31 AM,24.545,176356.7
1408,07/11/21,07:09:31 AM,24.255,176356.7
1409,07/11/21,08:09:31 AM,23.966,176356.7
1410,07/11/21,09:09:31 AM,23.869,176356.7
1411,07/11/21,10:09:31 AM,23.869,176356.7
1412,07/11/21,11:09:31 AM,23.869,176356.7
1413,07/11/21,12:09:31 PM,24.062,176356.7
1414,07/11/21,01:09:31 PM,24.255,187379.0
1415,07/11/21,02:09:31 PM,24.835,187379.0
1416,07/11/21,03:09:31 PM,25.805,176356.7
1417,07/11/21,04:09:31 PM,26.292,187379.0
1418,07/11/21,05:09:31 PM,26.683,187379.0
1419,07/11/21,06:09:31 PM,26.683,187379.0
1420,07/11/21,07:09:31 PM,26.683,176356.7
1421,07/11/21,08:09:31 PM,26.683,176356.7
1422,07/11/21,09:09:31 PM,26.683,170845.6
1423,07/11/21,10:09:31 PM,26.585,170845.6
1424,07/11/21,11:09:31 PM,26.195,170845.6
1425,07/12/21,12:09:31 AM,25.902,170845.6
1426,07/12/21,01:09:31 AM,25.513,165334.4
1427,07/12/21,02:09:31 AM,25.222,165334.4
1428,07/12/21,03:09:31 AM,24.738,159823.3
1429,07/12/21,04:09:31 AM,24.351,159823.3
1430,07/12/21,05:09:31 AM,23.869,159823.3
1431,07/12/21,06:09:31 AM,23.677,159823.3
1432,07/12/21,07:09:31 AM,23.484,159823.3
1433,07/12/21,08:09:31 AM,23.388,159823.3
1434,07/12/21,09:09:31 AM,23.292,159823.3
1435,07/12/21,10:09:31 AM,23.388,159823.3
1436,07/12/21,11:09:31 AM,23.484,159823.3
1437,07/12/21,12:09:31 PM,23.677,159823.3
1438,07/12/21,01:09:31 PM,23.966,159823.3
1439,07/12/21,02:09:31 PM,24.545,159823.3
1440,07/12/21,03:09:31 PM,25.513,165334.4
1441,07/12/21,04:09:31 PM,26.585,165334.4
1442,07/12/21,05:09:31 PM,26.977,165334.4
1443,07/12/21,06:09:31 PM,27.272,165334.4
1444,07/12/21,07:09:31 PM,27.764,165334.4
1445,07/12/21,08:09:31 PM,27.764,165334.4
1446,07/12/21,09:09:31 PM,27.665,159823.3
1447,07/12/21,10:09:31 PM,27.370,159823.3
1448,07/12/21,11:09:31 PM,26.977,159823.3
1449,07/13/21,12:09:31 AM,26.683,165334.4
1450,07/13/21,01:09:31 AM,26.488,165334.4
1451,07/13/21,02:09:31 AM,26.292,170845.6
1452,07/13/21,03:09:31 AM,26.097,176356.7
1453,07/13/21,04:09:31 AM,26.000,176356.7
1454,07/13/21,05:09:31 AM,25.805,176356.7
1455,07/13/21,06:09:31 AM,25.513,176356.7
1456,07/13/21,07:09:31 AM,25.222,187379.0
1457,07/13/21,08:09:31 AM,24.931,187379.0
1458,07/13/21,09:09:31 AM,24.738,187379.0
1459,07/13/21,10:09:31 AM,24.738,187379.0
1460,07/13/21,11:09:31 AM,24.835,187379.0
1461,07/13/21,12:09:31 PM,24.931,187379.0
1462,07/13/21,01:09:31 PM,25.222,187379.0
1463,07/13/21,02:09:31 PM,25.610,187379.0
1464,07/13/21,03:09:31 PM,26.292,176356.7
1465,07/13/21,04:09:31 PM,27.272,176356.7
1466,07/13/21,05:09:31 PM,27.468,176356.7
1467,07/13/21,06:09:31 PM,27.468,176356.7
1468,07/13/21,07:09:31 PM,26.781,170845.6
1469,07/13/21,08:09:31 PM,26.390,165334.4
1470,07/13/21,09:09:31 PM,26.195,170845.6
1471,07/13/21,10:09:31 PM,25.902,170845.6
1472,07/13/21,11:09:31 PM,25.610,165334.4
1473,07/14/21,12:09:31 AM,25.416,165334.4
1474,07/14/21,01:09:31 AM,25.125,165334.4
1475,07/14/21,02:09:31 AM,24.738,170845.6
1476,07/14/21,03:09:31 AM,24.545,170845.6
1477,07/14/21,04:09:31 AM,24.351,170845.6
1478,07/14/21,05:09:31 AM,24.062,176356.7
1479,07/14/21,06:09:31 AM,23.869,176356.7
1480,07/14/21,07:09:31 AM,23.773,176356.7
1481,07/14/21,08:09:31 AM,23.581,176356.7
1482,07/14/21,09:09:31 AM,23.484,176356.7
1483,07/14/21,10:09:31 AM,23.484,176356.7
1484,07/14/21,11:09:31 AM,23.581,176356.7
1485,07/14/21,12:09:31 PM,23.677,176356.7
1486,07/14/21,01:09:31 PM,23.773,176356.7
1487,07/14/21,02:09:31 PM,24.062,187379.0
1488,07/14/21,03:09:31 PM,24.545,187379.0
1489,07/14/21,04:09:31 PM,25.125,187379.0
1490,07/14/21,05:09:31 PM,25.513,187379.0
1491,07/14/21,06:09:31 PM,25.610,176356.7
1492,07/14/21,07:09:31 PM,25.513,176356.7
1493,07/14/21,08:09:31 PM,25.222,187379.0
1494,07/14/21,09:09:31 PM,24.738,187379.0
1495,07/14/21,10:09:31 PM,24.351,187379.0
1496,07/14/21,11:09:31 PM,24.351,176356.7
1497,07/15/21,12:09:31 AM,24.158,176356.7
1498,07/15/21,01:09:31 AM,24.158,170845.6
1499,07/15/21,02:09:31 AM,24.062,170845.6
1500,07/15/21,03:09:31 AM,24.158,165334.4
1501,07/15/21,04:09:31 AM,24.158,165334.4
1502,07/15/21,05:09:31 AM,24.158,165334.4
1503,07/15/21,06:09:31 AM,23.869,165334.4
1504,07/15/21,07:09:31 AM,23.677,165334.4
1505,07/15/21,08:09:31 AM,23.581,165334.4
1506,07/15/21,09:09:31 AM,23.581,165334.4
1507,07/15/21,10:09:31 AM,23.581,165334.4
1508,07/15/21,11:09:31 AM,23.677,165334.4
1509,07/15/21,12:09:31 PM,23.773,165334.4
1510,07/15/21,01:09:31 PM,23.869,165334.4
1511,07/15/21,02:09:31 PM,23.966,165334.4
1512,07/15/21,03:09:31 PM,23.966,165334.4
1513,07/15/21,04:09:31 PM,23.966,165334.4
1514,07/15/21,05:09:31 PM,24.062,170845.6
1515,07/15/21,06:09:31 PM,23.966,170845.6
1516,07/15/21,07:09:31 PM,23.966,170845.6
1517,07/15/21,08:09:31 PM,23.966,170845.6
1518,07/15/21,09:09:31 PM,23.966,170845.6
1519,07/15/21,10:09:31 PM,23.966,170845.6
1520,07/15/21,11:09:31 PM,23.966,170845.6
1521,07/16/21,12:09:31 AM,23.966,170845.6
1522,07/16/21,01:09:31 AM,23.966,170845.6
1523,07/16/21,02:09:31 AM,23.966,170845.6
1524,07/16/21,03:09:31 AM,23.966,176356.7
1525,07/16/21,04:09:31 AM,23.966,176356.7
1526,07/16/21,05:09:31 AM,24.062,176356.7
1527,07/16/21,06:09:31 AM,24.062,176356.7
1528,07/16/21,07:09:31 AM,23.966,176356.7
1529,07/16/21,08:09:31 AM,23.869,176356.7
1530,07/16/21,09:09:31 AM,23.773,176356.7
1531,07/16/21,10:09:31 AM,23.677,176356.7
1532,07/16/21,11:09:31 AM,23.677,176356.7
1533,07/16/21,12:09:31 PM,23.677,176356.7
1534,07/16/21,01:09:31 PM,23.773,176356.7
1535,07/16/21,02:09:31 PM,23.966,176356.7
1536,07/16/21,03:09:31 PM,24.351,176356.7
1537,07/16/21,04:09:31 PM,24.545,176356.7
1538,07/16/21,05:09:31 PM,24.641,176356.7
1539,07/16/21,06:09:31 PM,24.641,176356.7
1540,07/16/21,07:09:31 PM,24.641,176356.7
1541,07/16/21,08:09:31 PM,24.545,176356.7
1542,07/16/21,09:09:31 PM,24.545,176356.7
1543,07/16/21,10:09:31 PM,24.641,176356.7
1544,07/16/21,11:09:31 PM,24.641,176356.7
1545,07/17/21,12:09:31 AM,24.641,176356.7
1546,07/17/21,01:09:31 AM,24.641,176356.7
1547,07/17/21,02:09:31 AM,24.641,176356.7
1548,07/17/21,03:09:31 AM,24.738,176356.7
1549,07/17/21,04:09:31 AM,24.738,176356.7
1550,07/17/21,05:09:31 AM,24.545,176356.7
1551,07/17/21,06:09:31 AM,24.448,176356.7
1552,07/17/21,07:09:31 AM,24.351,176356.7
1553,07/17/21,08:09:31 AM,24.158,176356.7
1554,07/17/21,09:09:31 AM,24.062,176356.7
1555,07/17/21,10:09:31 AM,24.062,176356.7
1556,07/17/21,11:09:31 AM,24.062,176356.7
1557,07/17/21,12:09:31 PM,24.062,176356.7
1558,07/17/21,01:09:31 PM,24.158,176356.7
1559,07/17/21,02:09:31 PM,24.255,176356.7
1560,07/17/21,03:09:31 PM,24.255,176356.7
1561,07/17/21,04:09:31 PM,24.545,176356.7
1562,07/17/21,05:09:31 PM,24.835,176356.7
1563,07/17/21,06:09:31 PM,24.835,176356.7
1564,07/17/21,07:09:31 PM,24.835,176356.7
1565,07/17/21,08:09:31 PM,24.835,176356.7
1566,07/17/21,09:09:31 PM,24.835,170845.6
1567,07/17/21,10:09:31 PM,24.738,170845.6
1568,07/17/21,11:09:31 PM,24.835,176356.7
1569,07/18/21,12:09:31 AM,24.738,176356.7
1570,07/18/21,01:09:31 AM,24.835,176356.7
1571,07/18/21,02:09:31 AM,24.835,176356.7
1572,07/18/21,03:09:31 AM,24.738,176356.7
1573,07/18/21,04:09:31 AM,24.545,176356.7
1574,07/18/21,05:09:31 AM,24.351,176356.7
1575,07/18/21,06:09:31 AM,24.255,176356.7
1576,07/18/21,07:09:31 AM,23.966,176356.7
1577,07/18/21,08:09:31 AM,23.869,176356.7
1578,07/18/21,09:09:31 AM,23.773,176356.7
1579,07/18/21,10:09:31 AM,23.773,176356.7
1580,07/18/21,11:09:31 AM,23.677,176356.7
1581,07/18/21,12:09:31 PM,23.773,176356.7
1582,07/18/21,01:09:31 PM,23.966,176356.7
1583,07/18/21,02:09:31 PM,24.351,187379.0
1584,07/18/21,03:09:31 PM,24.738,187379.0
1585,07/18/21,04:09:31 PM,24.641,187379.0
1586,07/18/21,05:09:31 PM,24.835,187379.0
1587,07/18/21,06:09:31 PM,24.931,187379.0
1588,07/18/21,07:09:31 PM,24.931,187379.0
1589,07/18/21,08:09:31 PM,24.931,187379.0
1590,07/18/21,09:09:31 PM,24.931,187379.0
1591,07/18/21,10:09:31 PM,24.835,187379.0
1592,07/18/21,11:09:31 PM,24.835,187379.0
1593,07/19/21,12:09:31 AM,24.835,187379.0
1594,07/19/21,01:09:31 AM,24.738,187379.0
1595,07/19/21,02:09:31 AM,24.641,187379.0
1596,07/19/21,03:09:31 AM,24.641,187379.0
1597,07/19/21,04:09:31 AM,24.545,187379.0
1598,07/19/21,05:09:31 AM,24.448,187379.0
1599,07/19/21,06:09:31 AM,24.351,187379.0
1600,07/19/21,07:09:31 AM,24.158,187379.0
1601,07/19/21,08:09:31 AM,24.062,187379.0
1602,07/19/21,09:09:31 AM,23.966,187379.0
1603,07/19/21,10:09:31 AM,23.869,187379.0
1604,07/19/21,11:09:31 AM,23.869,187379.0
1605,07/19/21,12:09:31 PM,23.966,187379.0
1606,07/19/21,01:09:31 PM,24.158,187379.0
1607,07/19/21,02:09:31 PM,24.641,187379.0
1608,07/19/21,03:09:31 PM,25.319,187379.0
1609,07/19/21,04:09:31 PM,25.902,187379.0
1610,07/19/21,05:09:31 PM,25.902,187379.0
1611,07/19/21,06:09:31 PM,25.610,187379.0
1612,07/19/21,07:09:31 PM,25.513,187379.0
1613,07/19/21,08:09:31 PM,25.610,187379.0
1614,07/19/21,09:09:31 PM,25.513,187379.0
1615,07/19/21,10:09:31 PM,25.416,187379.0
1616,07/19/21,11:09:31 PM,25.416,187379.0
1617,07/20/21,12:09:31 AM,25.319,187379.0
1618,07/20/21,01:09:31 AM,25.222,187379.0
1619,07/20/21,02:09:31 AM,25.222,187379.0
1620,07/20/21,03:09:31 AM,25.222,187379.0
1621,07/20/21,04:09:31 AM,25.125,187379.0
1622,07/20/21,05:09:31 AM,25.028,187379.0
1623,07/20/21,06:09:31 AM,24.931,176356.7
1624,07/20/21,07:09:31 AM,24.835,176356.7
1625,07/20/21,08:09:31 AM,24.641,176356.7
1626,07/20/21,09:09:31 AM,24.545,176356.7
1627,07/20/21,10:09:31 AM,24.545,176356.7
1628,07/20/21,11:09:31 AM,24.545,176356.7
1629,07/20/21,12:09:31 PM,24.545,187379.0
1630,07/20/21,01:09:31 PM,24.641,187379.0
1631,07/20/21,02:09:31 PM,25.125,187379.0
1632,07/20/21,03:09:31 PM,25.902,187379.0
1633,07/20/21,04:09:31 PM,26.292,187379.0
1634,07/20/21,05:09:31 PM,26.488,187379.0
1635,07/20/21,06:09:31 PM,26.195,187379.0
1636,07/20/21,07:09:31 PM,26.000,187379.0
1637,07/20/21,08:09:31 PM,25.902,187379.0
1638,07/20/21,09:09:31 PM,25.902,187379.0
1639,07/20/21,10:09:31 PM,25.902,187379.0
1640,07/20/21,11:09:31 PM,25.902,187379.0
1641,07/21/21,12:09:31 AM,25.902,187379.0
1642,07/21/21,01:09:31 AM,25.805,187379.0
1643,07/21/21,02:09:31 AM,25.708,187379.0
1644,07/21/21,03:09:31 AM,25.610,187379.0
1645,07/21/21,04:09:31 AM,25.319,187379.0
1646,07/21/21,05:09:31 AM,25.125,187379.0
1647,07/21/21,06:09:31 AM,24.835,187379.0
1648,07/21/21,07:09:31 AM,24.641,187379.0
1649,07/21/21,08:09:31 AM,24.448,187379.0
1650,07/21/21,09:09:31 AM,24.351,187379.0
1651,07/21/21,10:09:31 AM,24.255,187379.0
1652,07/21/21,11:09:31 AM,24.255,187379.0
1653,07/21/21,12:09:31 PM,24.351,187379.0
1654,07/21/21,01:09:31 PM,24.545,187379.0
1655,07/21/21,02:09:31 PM,25.222,187379.0
1656,07/21/21,03:09:31 PM,25.610,187379.0
1657,07/21/21,04:09:31 PM,25.513,187379.0
1658,07/21/21,05:09:31 PM,25.513,187379.0
1659,07/21/21,06:09:31 PM,25.708,187379.0
1660,07/21/21,07:09:31 PM,25.805,187379.0
1661,07/21/21,08:09:31 PM,25.805,187379.0
1662,07/21/21,09:09:31 PM,25.708,187379.0
1663,07/21/21,10:09:31 PM,25.610,187379.0
1664,07/21/21,11:09:31 PM,25.610,187379.0
1665,07/22/21,12:09:31 AM,25.513,187379.0
1666,07/22/21,01:09:31 AM,25.416,187379.0
1667,07/22/21,02:09:31 AM,25.319,187379.0
1668,07/22/21,03:09:31 AM,25.125,187379.0
1669,07/22/21,04:09:31 AM,25.028,187379.0
1670,07/22/21,05:09:31 AM,24.835,187379.0
1671,07/22/21,06:09:31 AM,24.738,187379.0
1672,07/22/21,07:09:31 AM,24.545,187379.0
1673,07/22/21,08:09:31 AM,24.351,187379.0
1674,07/22/21,09:09:31 AM,24.255,187379.0
1675,07/22/21,10:09:31 AM,24.255,187379.0
1676,07/22/21,11:09:31 AM,24.255,187379.0
1677,07/22/21,12:09:31 PM,24.351,187379.0
1678,07/22/21,01:09:31 PM,24.545,187379.0
1679,07/22/21,02:09:31 PM,24.931,187379.0
1680,07/22/21,03:09:31 PM,25.416,187379.0
1681,07/22/21,04:09:31 PM,25.610,187379.0
1682,07/22/21,05:09:31 PM,25.805,187379.0
1683,07/22/21,06:09:31 PM,25.902,187379.0
1684,07/22/21,07:09:31 PM,25.902,187379.0
1685,07/22/21,08:09:31 PM,25.902,187379.0
1686,07/22/21,09:09:31 PM,25.805,187379.0
1687,07/22/21,10:09:31 PM,25.708,187379.0
1688,07/22/21,11:09:31 PM,25.610,187379.0
1689,07/23/21,12:09:31 AM,25.610,187379.0
1690,07/23/21,01:09:31 AM,25.513,187379.0
1691,07/23/21,02:09:31 AM,24.062,176356.7
1692,07/23/21,03:09:31 AM,23.773,176356.7
1693,07/23/21,04:09:31 AM,23.773,176356.7
1694,07/23/21,05:09:31 AM,23.773,170845.6
1695,07/23/21,06:09:31 AM,23.773,165334.4
1696,07/23/21,07:09:31 AM,23.773,165334.4
1697,07/23/21,08:09:31 AM,23.773,159823.3
1698,07/23/21,09:09:31 AM,23.773,159823.3
1699,07/23/21,10:09:31 AM,23.869,159823.3
1700,07/23/21,11:09:31 AM,23.869,154312.1
1701,07/23/21,12:09:31 PM,23.966,154312.1
1702,07/23/21,01:09:31 PM,23.966,154312.1
1703,07/23/21,02:09:31 PM,23.966,154312.1
1704,07/23/21,03:09:31 PM,23.966,154312.1
1705,07/23/21,04:09:31 PM,23.966,154312.1
1706,07/23/21,05:09:31 PM,23.966,154312.1
1707,07/23/21,06:09:31 PM,23.100,104711.8
1708,07/23/21,07:09:31 PM,23.196,126756.4
1709,07/23/21,08:09:31 PM,23.292,148801.0
1710,07/23/21,09:09:31 PM,23.292,154312.1
1711,07/23/21,10:09:31 PM,23.292,159823.3
1712,07/23/21,11:09:31 PM,23.388,159823.3
1713,07/24/21,12:09:31 AM,23.388,159823.3
1714,07/24/21,01:09:31 AM,23.388,159823.3
1715,07/24/21,02:09:31 AM,23.388,159823.3
1716,07/24/21,03:09:31 AM,23.388,159823.3
1717,07/24/21,04:09:31 AM,23.388,159823.3
1718,07/24/21,05:09:31 AM,23.388,159823.3
1719,07/24/21,06:09:31 AM,23.388,159823.3
1720,07/24/21,07:09:31 AM,23.388,159823.3
1721,07/24/21,08:09:31 AM,23.388,159823.3
1722,07/24/21,09:09:31 AM,23.388,159823.3
1723,07/24/21,10:09:31 AM,23.388,159823.3
1724,07/24/21,11:09:31 AM,23.388,159823.3
1725,07/24/21,12:09:31 PM,23.388,159823.3
1726,07/24/21,01:09:31 PM,23.388,159823.3
1727,07/24/21,02:09:31 PM,23.388,159823.3
1728,07/24/21,03:09:31 PM,23.388,159823.3
1729,07/24/21,04:09:31 PM,23.388,159823.3
1730,07/24/21,05:09:31 PM,23.388,159823.3
1731,07/24/21,06:09:31 PM,23.388,159823.3
1732,07/24/21,07:09:31 PM,23.484,154312.1
1733,07/24/21,08:09:31 PM,23.484,154312.1
1734,07/24/21,09:09:31 PM,23.484,154312.1
1735,07/24/21,10:09:31 PM,23.484,154312.1
1736,07/24/21,11:09:31 PM,23.581,154312.1
1737,07/25/21,12:09:31 AM,23.581,159823.3
